track_id,spotify_id,genre
TRCQSGB128F9325176,1HGnml6ufrYuGj5y5tk0pe,Blues
TRIVXMR128EF347EC9,0175RdLhdePpj41jHfr8mW,Blues
TRONTYT12903CB19C9,00u3IsZKQJXlIIHFgLxbU9,Blues
TRKIJDR128F92C2E32,0Jo0gFzUud963rYSsaRTta,Blues
TRXCFWD128F9335584,0i1ksGhoLEq9Ah4Z4TclZH,Blues
TRBVOHY128F92E6A11,0FdGbJUc56gpA7hSSMnfrg,Blues
TRCQIRC12903CD9446,06NfzRcjMmcxUkZ65r5T9g,Blues
TRACOHF128F1498509,2dYV68n5uCXD5nM8BWQ7kp,Blues
TRAYHQV128F4266D63,03r79rFDvvNWlqkCQfVbqD,Blues
TRARJEK128F930B3AA,0IwGFYvQJZ9SFBv7YPXWoR,Blues
TRCRUHY128F930FFF8,05OETNd1vpYstkGTUK3REp,Blues
TRCRAIR128F935713E,00WtXMHvd6UgTgzFBQKMrX,Blues
TRNSXLS128F1453DA6,00grkEDW5QgbQi46CuyU6E,Blues
TRFPHYZ128F428CA40,1Oz0D3zMtYH9o4ghMz37P0,Blues
TRAJGIO128F92E84BC,00cOHD13FTdpvaIBtqhxEp,Blues
TRNRUZY128F424A039,00i2QsCwGew02rmLKf4dxs,Blues
TRRMOWX12903CB0FAC,2E44DBM9ZsLrJZ8a3aDPN3,Blues
TRAQGFP128E078FAB6,0GaOghjTy3KsCm8NEOEmoG,Blues
TRATLTV128F92FC979,05BHgprhhZ82hnvZqfUQDq,Blues
TRCQEDW128E078F467,0m7GMq2WzwF5xP4V5e4zlh,Blues
TRLMWXI128F930F60E,0qF6s9FoXGICPfLvgY3sD0,Blues
TRCSJKR128F92C2E38,0QDjfgOdzWumwTTaTjDi13,Blues
TRUDJHP128F92FA65C,18b2UDvRtulpq0cYEcNcZA,Blues
TRRIJDC128F42633B1,1bNEPjqAV8b6B3zRXLwowa,Blues
TRPJJUF128F933FE56,0CYhl3LhCqSXNnE75vgnKG,Blues
TRLJQXJ12903D08ECB,4ZRW5BsjuqO5osXHdKP54V,Blues
TREDEHW128F427C0F4,1nMigqnI4NON2HNZIFSHIZ,Blues
TRAOPNA128F427E83F,0SAYYtWNB7GNlbWEfpK0hc,Blues
TRPYIKK128F932B961,1jIerjgmmIjYoiRaf0DaM0,Blues
TRLOGCF128F424FF3C,171I1tOZ4cXU33R57VBGJQ,Blues
TRLUIBE128F4235949,3NL5jIWtaZ5otkkSR6JNy6,Blues
TRFREFO12903CB7B2D,01lTGDtgiCKMo1hYAG7hqy,Blues
TRCWWBE128F92FB877,0qA63dNzvAC897xYsHJQNq,Blues
TRSGTXQ128F9331218,0fHTNiPA7Ods0tMDeRvsoO,Blues
TREKSOC128F935172C,0rNUGUBibZ5yB3VAbjYEzN,Blues
TRLJFXD128F426BB46,0I4HPrjHdKDogpa3S5TTAf,Blues
TRUJRZQ128F427EDFB,08SxltHeEkQqgx5foDRRqO,Blues
TRRFMYC128EF348C72,01oXSmwL2Nr5vPyGPFo0gl,Blues
TRFZZDX128F4273E6C,01S5iaLFJsqkBwzKStKDOI,Blues
TRIMAMK128F9361235,0iwSCBiqp5WQ6v75lzR31M,Blues
TRCWLAL12903CD44FD,2SSBJhvMsujY94GK5JAtKs,Blues
TRXJPJM12903CDB0C8,1PqLOMDr5wUWLbs0G6RsfW,Blues
TREUZOI128F92D2C49,2OCpoUUjefeFnYHnxAF5rY,Blues
TRXJGBY128F930137D,1HT4ZAh4u5L9z3fgbIiecB,Blues
TRNINPZ128F9320188,1566lqbAszAVnqarGPTVRw,Blues
TRITNFB128F9325167,1DgC23k3oyeqPs5vEkU8Rx,Blues
TRDLAJC12903D081BF,00iE3fyhRyh9MRffHkjAQa,Blues
TRRNFZK128F427E7A9,0lQVknemiWarHe3BTmDUHM,Blues
TRAUJPR128F92CA3AF,0BalaVC6BL2N36lbH8limi,Blues
TRIUACN128F9333554,0DuQIp9mv0L7KHpjYw0MQR,Blues
TRSAKTV128F427E7AD,3Zc2QeJiPtdltPhxYVsMdl,Blues
TRJZZUF128F9332693,028765LghWkDUyd1SjNJoc,Blues
TRSVTIE128F428079E,01N13o1Oji3Ljhf9SO2zrI,Blues
TRCPUIL128F931ACAF,0m6QekzH1N0TRjehLbq79w,Blues
TRYHZUX12903CD9455,04uvBp5vzqDaUIjpG2bEYD,Blues
TRVBLFJ128F426AAB9,0UfYLN24eWaRB9YABvCzON,Blues
TRROBKR128F9337C50,0IdO2tdkOKEy6a6OYBCsmd,Blues
TRRLQFB128E0792F78,0gjMCW4G9CEjB9hlo4vxIp,Blues
TRFMZYD128F9340103,33vERQvutjssRH1m99vvPO,Blues
TRXMDGW128F426CDB3,0TyCUtXTnUGFj6Ka1obZfX,Blues
TRURGHT12903CB7583,6f6pEjgfTtuRROmJ4a7Gf3,Blues
TRUJRKW128F424A74F,1wPXcnp0iWCc2NqklKJ9Od,Blues
TRWCMNN128F426E888,0FVetSh3B6qrWQOl98YGG3,Blues
TRFWLDO128F93613DF,01x0q5TTuPeuXQ4EQwtDUf,Blues
TRCTNIW128F9300B00,6WOLY74q1vXqwDiGxtaFob,Blues
TRUWEKF128F42B63AE,24eRthJ3VWBI7B9cuFBdMG,Blues
TRGWLHC128F9305F3D,05bHCm37N49qKZVQcaSrHD,Blues
TRAUYOD128F42647FE,0LHpJKjRIc75pjuOlZSQFe,Blues
TRDADSI128F42BC0B5,00I32MyXVHRZoBnA8G5aG1,Blues
TRRJATE128F1458516,1KYqoIqZEAiTUIUsr4sUzK,Blues
TRCXXKB12903CE4F4C,05coDQSimpXy08seOnVaqD,Blues
TROSJGC128F92F7033,034zuoXsRkRVW7T4hv4qmu,Blues
TRRPNTI128F92E7888,0DknLhuTqKFM7VULoV6SAn,Blues
TRLTEAF128F42640B1,0MTVvKUXgxlqaGYK9uyQL5,Blues
TRDDEDH128F9308E9F,0JPOd168ASvF1xq6pmddXy,Blues
TRRSBCP12903CE1DCF,2qbdgqpcLexYoRhDBJLUfA,Blues
TRIYTLZ12903CEBB77,7DiYQkeXaXm4Pkq99bjbXi,Blues
TROLWDO128F421B15C,07ASAO2E9i2ay3gx0oyY3P,Blues
TRRQOMA128F4233DDC,6I8WdNrmgCEI0qH9OJ5aEE,Blues
TRDNOZL128F4235294,41MFscsRs7TXp9ReR72TYU,Blues
TRAELUY128F93147BA,0qj9p9Jk3G0SLeahCgpONf,Blues
TRFIJKG128F4264CF1,2S6nxUfc9e0BKK3sJmBUx7,Blues
TRSYVON128F92EE69A,0jLSfycxHyFql4IHoqz1Mr,Blues
TROJWZI128F42371A6,17AVdBSI2y0v95OC9t6Zxo,Blues
TREZQKM128F930EBD0,0110k1Zi0WzhjpmXKixbor,Blues
TRXFKIY128F42204A0,0LrqajxgQyiSyUkzI1PIwp,Blues
TRJEDMY12903CF4DD3,0AYG9AcwqEeqgAw3OvshPC,Blues
TRUWCUD12903CD4501,1Qdnvn4XlmZANCVy3XjrQo,Blues
TRUEZTC128F421B117,05djIgdTeNTlW8iE8XkOzb,Blues
TRLJGIX128F92F323D,0480zldyxMPfcy8brNQUTT,Blues
TRAHVWB128F9308FB0,00XnhVt221ZFSrfVWjXVrU,Blues
TRPBSUV128F9341F1D,6zdvhsrTMPXACYc09sdkh8,Blues
TRADWSG128F4259317,0vIDfDI97KVq7kg4ocBvQh,Blues
TRUPNQT128F1490D6F,1zFHSa0ZS6lT7q4ZWddVCk,Blues
TROOOWR128F4280C34,1jQ0EZPAY3HpBRgUev6X1Q,Blues
TRPURXR128F936106C,016ld1Z2eBLhtVaz9YpYZP,Blues
TRLUGOR12903CDB355,1aRncYBtdizYoVKcSt8oaY,Blues
TRFZFRP128F4264623,27xtlwdW44JikD6IMCJk1e,Blues
TRUEUUK128F92FD462,3Z6V1CUV7t3aM4FV6V9WA1,Blues
TRCTCLO128F9339FC8,02ceexsnZa8UQJimRy12eb,Blues
TRCSTLD128F428CACB,0Rl4NK2Y3zQpqtYvWdzFso,Country
TRPOHJA128F149CB45,13DjPHEgMQsUjVxQIJYcpM,Country
TRUQRQF128F92FBC20,00gDg6TvgkNNF3KGMa2Ik2,Country
TRDBGYY128F424E01F,01blP81l5bfU82STLV7eDX,Country
TRJWVJE128F42591A5,0299Kj5FSAT4cS8vw8yp9r,Country
TRLZHME128F421A87A,02WvTPivC6MERZF8xwSjav,Country
TRAAUBG128F421C7F9,170BlLwmzfaW7hlKCl24sb,Country
TRJJYOO128F428D132,06R9SXVJVQ1vLBcgzbaMWP,Country
TRYHTPS128F427AC56,0033HZfEgQolEBOJ4TOjj7,Country
TRTNKIL128F92E361A,2hxwFZnhH3CFQSUlASjbdS,Country
TRZRIGS128F932C905,11PLzqhvP79KLH8HApT4bN,Country
TRMIHEH128F428E2BD,11Bds7ZaKg156GbxiDfNKw,Country
TRFQBYI128F92EC3EF,1vhiNwQTDMfMVECPixdzNd,Country
TRAIKBB128F428AD73,0oB1FDZMc5hfZbb4g9yKVM,Country
TRXUWTA128F932C8FE,0O92MuIDEbaABZBJcGrwBU,Country
TRBHUSP128F4242DD0,0baFOYeB57X6VHpBrPGXSr,Country
TRDCALN128F42BC549,0cZDC7uxNK8lqQ3GgyvCnD,Country
TRWQMCO128F9307B03,2BTK9Ej1kxmoW1m8XtkHzW,Country
TRFPWCQ128F931FF48,02sM1vhoeis5O1g0HRmYyl,Country
TRXLJIJ128F149C309,0bogiVoQb2PH15KqaWuSjy,Country
TRPQCSR128F422310F,2ucw94OkY2Go8eRTFKRh0r,Country
TRLJZED128F4266EDA,03uZ6X5CXmpYG2kA4RbgRh,Country
TRGLPXN128F42591A4,0h3RGhwDT6gycxp8PXSjL6,Country
TRRSQDZ128F42A3B0E,4RPl5ixwvy6QWiMmZPgIPj,Country
TRNBZMV128F42B261C,00m9mrJwPaeYhS0CKNIOGV,Country
TRCGGXV128F428D866,02GhMeJwjfQ08yeXrN4xRz,Country
TRGSGOW128EF3456D4,0BGpgCix72F5Xq1h1N027D,Country
TRQFQTD128F427024B,217ZpWsEyzuyxW2JG1DTuh,Country
TRXJZOY128F428BC92,1F6Rc2vJJvwHOEn204SauY,Country
TRJGSNR128F92FCDCE,0nyWGJ59fD1k6uXt6YHzXa,Country
TREYMLQ128F426591B,1uI9yVpjOQc5AQZ582MrJF,Country
TRIPUJK12903D1387D,245GoI15IsOSkA8vMmtMnG,Country
TRHGHXW128F145CA94,5OQ5YDgQzjhXGN3aZGBGW3,Country
TRRQNJW128F92FE599,0SX3DSFsnuVy2wsPPhFPlC,Country
TRBSBBC128F9328DBF,3Mra3KRm1ila5BOQNLLCff,Country
TRXKWPB128F4242DFB,0mQwzu0pIf3JiAQcVALZho,Country
TRUUGXE128F42854A6,0RZk68vYUfRZzpYfWgT4yp,Country
TRUWKDV128F92DE274,0KPNFpl66BLu5kjG6jluWx,Country
TRJATSM128F428A47A,0OGfXRgtH50Tccbe4kMBwV,Country
TRYSPNO128F9314D00,0BRbCHlcRIooqjEEJg9OfF,Country
TRFNFGI128F930A920,0GRxGPPrL61m6sl14h9a7Z,Country
TRZLTKY128F1459D79,5N2ybHaC9tqFvYxGj70haX,Country
TRVDFCY128F4261D33,1KmIavJ5LFEp2xnvP9R1TG,Country
TRIEDBK128F92F2ABE,0Pvbr31U9bjdvUUNGNFnQJ,Country
TRWSITX128F147B0D0,6JMnANjDGdA0XgaW47Um49,Country
TRBUIPK12903CA52AD,11Gu3P4LIDNpzG5PUuhLHz,Country
TRRGXHG128F4266392,0KT50Gp03rD633HtU8A8Sp,Country
TRMZOST12903CE303C,08ve7PvpQbzS2QNbOWQkkB,Country
TRAHCDM128F148D60C,4cG1Bu2EdPA9KqrOCviKP0,Country
TRISZNC12903CA4806,0aYgF3SUk1AxDpIdv5oAxO,Country
TRFOTVS128F92D858D,00DbaFkjHtnOIzuVRo9BgJ,Country
TRABTWX128F42B8619,1UGt7Sp5k4Kcg8JOfsd4Xm,Country
TRUWKHZ128F428A4B0,0aT3atw553Hlg6E5GbDoRs,Country
TRARTPH128E0789C05,14utGjIhWUXpZP0t1vsC26,Country
TRQMEYH128F145B5A4,4475Z8XcDlq5fXmMWdg9NF,Country
TRESFZR128F930FE04,09tSuepbFpD5W19TubREJJ,Country
TRSLOXT128F428F202,3fFSBcjVJn6POSCOdm20H0,Country
TRMKGXJ128F423A067,0EE51zRGKUd9AVtyM9jmj5,Country
TRODHKQ128F42962B4,00d6IXxKALDRA4Ttwg0UFM,Country
TRYJGGD128F1477118,03yaimWkUxeWBZ4cbqCevq,Country
TRHDUGA128F931B4A7,2jiSd6jjMoPedNf35ZPojX,Country
TRABSQC128F428AD3D,0ceqDcpfjwH5fhpNwIAwgV,Country
TRCYDXD128F4289C75,05CR57uBGlKnHqMyFoNPlB,Country
TRERMNM128F146586A,0NT8LNDGGXYokS7oBxcLIt,Country
TRPCZWR128F92F4129,0ATZMDjrPxQfShsNgOhOr8,Country
TRLZLFK128F4269F92,04n9gVsi2oNJia3fmxP643,Country
TRBCQSJ128F931B4A2,0pxpvqPg9XR2UjbOZfpE8t,Country
TRVFVHA128E078E844,0ADg1zdK0eN9qywx4VepDD,Country
TRUCEMO128F92E7467,0l4s9ze0CrQfOiE8jaMs1H,Country
TRHBNSC12903CEA41C,1nZpND2amU1yCju5HuQoVj,Country
TRTRPHP128F424809F,0m05bXfR86dg5h5oNieOiQ,Country
TRKOZVY12903CFDBD0,5krkgeQ1U9SuwGIjr88tdE,Country
TRSSNUP128F42B841A,0EFlg0ooCU8fwhyn1gPxno,Country
TRAGPJO128F933B0EF,1hb5FVbR2csDnErAupP0PF,Country
TRYWWQC128F933761F,0in9wt5lji2nlC35JGpTNm,Country
TRXIWSJ128F92F9D6C,12hl7hoaAnhmmb1u6rC6JM,Country
TRXDAGS128F149D988,09YtmjZfbGdTlhYVrJjFch,Country
TRYBJME128F425DA4D,0MAVAExDwwfRpXTXTiN1WJ,Country
TRFNMWZ128F42648B9,01u9jKfINMgxHq6twd3jbp,Country
TRDPHSN128F426C4DF,0ITaR79x9Z6Bt0hT8CG0k6,Country
TRTJRHG128F426250C,4hao5QyH9QKXi902ERMQ5D,Country
TRWDNVX128F9313F4D,0sgM0nwIjWhtdvtMiuZsUe,Country
TRUTNVB128F92F3682,3Is2HcRNZFrRxTvORBu6bU,Country
TRRHDQB128F93181C1,3cQGb2POE359G9WH81bF60,Country
TRQWKRF12903CEAB9E,0jc2NC9SrWv9k9S8ZUaKVV,Country
TRRPBMJ128F426AFD9,0t8l9Ejovbol4WmCxvUoU0,Country
TRGCTOI128F42AFA7D,1BG8V9eHMFN8xwY1qODUur,Country
TROKLRX128F1464C3B,1TGhDkrPFpANQrmFjqCmv3,Country
TRIMAQA128F421A0D3,3LmiHgGY18ZWfPjtns1aIj,Country
TRNEIYO128F92E743E,4i1UaCDg2GZuwHb60mTtXI,Country
TRCQUHG12903CEBE6D,1TO8nnezrUSAmKV38A4y9S,Country
TRTXINF128F4263488,0xRTDnklmRuBT9n4YaMybx,Country
TRLQBEN128F92E7415,0RgHkNpqtAHGGBVro6mmqD,Country
TROPYKC128F934945D,03B3OgJ0HJnMB3VHUg26sF,Country
TRAFYSR128F422A7BE,0sNZGC21PMg1R4KXb0t68L,Country
TRLTLQI128F427A4D2,4NqtRSf82bMDDiLE628Dsz,Country
TROMNMH128F1459DF2,2hiUQZsa2Qe3dHZQkgjzer,Country
TRASDYX128F92E7435,0ILtsCrO10ps8koKUBBdX3,Country
TRCREJV128F1455A4B,3aWmeZMyJhJHsKARolGFLe,Country
TRNOFAT12903CAAB09,0trdtLRyKAX2ZDKaI5wMz0,Country
TRNHKGL128E07912F9,2eqSAOPPTUm9aHK2USkAfM,Electronic
TRPPNCC128F426EC26,07IRhdPIAD1rK424pCNVMg,Electronic
TRRTVVF128F930FD97,3ETayXmEtFFE0GxOu7qY4Y,Electronic
TRXFDJW128F42AC963,1QM0OkjT1RrliLdnM4vwaD,Electronic
TRWPQNP128F93094AE,0mDg9v4GnAF9wZVuflWL2s,Electronic
TROKBQH12903C9D506,0Bu4QhDJZTn6RQDisaY4BV,Electronic
TRIDDET128F934D580,16dwwxrcARIcrynJllj9cJ,Electronic
TRCOVYT128F9316A9D,2pe4tz0IintqX7qS70X5mZ,Electronic
TRTAXEW128F146503A,6kyC8h3hpORkVmZFVIsPmV,Electronic
TRYPEPQ128F9337DF6,18Xrs7meMwf0Ad7nyzchuQ,Electronic
TRGGGNL128F9326506,2bqLS5DbQaVjsPDTxQdZMp,Electronic
TRIRHYP12903CD8414,1cBsxfIrK69j3bHbOTA6yo,Electronic
TRLQWWZ12903CB97C2,01OXTwCLEyOrShUAxXdat0,Electronic
TRKRKGG128F9331034,09OkxeLUm8G3a2FyWyUfAM,Electronic
TRBAFVP128F9300C01,0DjzUUdiltvAnYSwdhTbms,Electronic
TRBPJWL128F9302BFC,1Mk41SYcY5c0dL4cqB8wiD,Electronic
TRARUGW128F92FEBE0,08T5e5W09DCRS7elQUw0hQ,Electronic
TRAJTJM128F425FD55,1AfbLATkzFhtE2uadJzkrF,Electronic
TRYUGJH128F93355B0,0yUvIOXi2SpWfwBaVydXlE,Electronic
TRIOCRS128F931F3DB,0Z9YCaNHYgChuac9fuhwPg,Electronic
TROJLVT128F42AE85F,1fnM86DDTDWYpumRJqLSfU,Electronic
TRRKODA128F146DE22,0mqH3csuodko0zRL8WCuce,Electronic
TRQSYUW128F428A0A6,4ibqOKoCh3dP3gXuPeRVmk,Electronic
TRUGVGY128F9308381,2Btev3NylHkua0TJK8FiGS,Electronic
TROEEDJ128F42597A1,22WDfNDDon2EIjYNJKj1gB,Electronic
TRIWVJF128E07863FE,2Og8o1UKBf1GhPKDhQrSrR,Electronic
TRRVSBS128F425A7B0,1AONqnwd7q1v1UvM51OpgE,Electronic
TRWEYXC128F92FEB8F,504UFus8XxKzXZZAVnDRXo,Electronic
TRYTMKP128F9300AF9,5AwrPByOYq50oCHjDfGAan,Electronic
TRCQPYE128F4259B7C,0QRoE2ofSfONQYJkZlDWXb,Electronic
TRHHSUX128F932E546,1frWqD5oqa1mukQJKYyzqn,Electronic
TRBUUTF12903D0AF9B,0fQkNOc4bG1k6f4VBUfGgf,Electronic
TRFPHYZ128F426ECCC,1Zwptx5Sp1Ypo5DmmMULfd,Electronic
TRWJTDV128F4263D61,071n09V7KVPMuvknKSYRLx,Electronic
TRROTYB128F92F6ABB,0eMEUmjnR3LrwVtOhN8qZ1,Electronic
TRNEEEO128F427737E,1gNXOpfOc41dFbKovPHhfh,Electronic
TRCYZNE128F933CB64,4dRpuOBOSdZRWVn12PPiZw,Electronic
TRQQAPT128F424FA53,4xgQymGesdnU0D9hf6jA9J,Electronic
TRVNLXE128F93086D4,1mGE3DzVBzbiSvID28RQxh,Electronic
TRRLZAX12903CC4850,1CBW8dKTINURxcDspspvQg,Electronic
TRUOMQX128F92D221B,1Pv8CTHeuIGKAPIVNjit7D,Electronic
TRVBVQP12903CC75B5,36DinL9XfOeZddBNmwCkWm,Electronic
TRXSDIF128F92FBFFC,1nwWKAagrZ1InCyq1rIbCv,Electronic
TRWTQTL128EF36396D,76c9P36jPT8ucx3bK7fbtk,Electronic
TRLLBJZ128F932ECB1,0dDept3NG63mlj7iJ8sVho,Electronic
TRKSTZT128F92F15A3,1xsU8BUAkHnGMldDIY9NXv,Electronic
TRASBSO128F1465A78,00MNnL1Hrd071NqefbwmAO,Electronic
TRABPCC128F4265EF7,4CgDKkCYNY7UVFCBp5KSok,Electronic
TRQMZIM128F93298E4,6BOh92QF6cAvNjH9SRYJxL,Electronic
TRRXKWT128F934E726,192m0RaZQbT7sjicT8GNij,Electronic
TRHMCUI128F9313C33,4AS9NLbqaVbfWc9ljOBL0P,Electronic
TROZCCN128F4279280,0x5E4NE2KmABkl7H1zjb78,Electronic
TRAWNNL128F92F6D75,07Zr1MQ1iZ4sUBcNzN6aY6,Electronic
TRUQVUH12903CDA814,4SlvVO1gVRfSzoBpN2LXPs,Electronic
TRRYNRK12903CC5C57,0Cptn37bgZG6UGMHfYy9rq,Electronic
TRWJQFQ128F423F2B1,47jWHSJ3ttgX0Ebp43N3I1,Electronic
TRASSJE128F427927A,1FzxA56ez7pfi1Sg9TBhh9,Electronic
TRHQLHY128F92FFC66,20nzfhyp0QA2FbA2M3F4xq,Electronic
TRKFLQD128F92F9172,0ysd5ZcyB0Lw0FbpExCwOL,Electronic
TRAUYLT128F427538E,1MuH2C1cwz2OwS4HWyfxcu,Electronic
TRSLLUG12903CC5568,5jG6lBD95eusxgYYx4iRvh,Electronic
TRFLHQH128F9312491,0R7KxpUEQmBwvq4SCcIhkA,Electronic
TRBZUFA128F4246BD0,2zIS93KACgYyElITKHZZIV,Electronic
TRRBLPV12903CC4486,1hday5m6tmM7Y3xMscrvAP,Electronic
TRTBTWN128C719661A,2pvPKMiKmVzAlmxVMQawDg,Electronic
TRBMLDM12903CE5D08,6QuHXxAMMb83nVg1z7uPBi,Electronic
TRJCTQH12903CB4221,2khRvI4dN7a5vyb3j17QAl,Electronic
TRFQFYT128F92FF681,2Q9vfN92vj9TQgnN5Mq9CK,Electronic
TRKYMTZ128F92D21EC,18m1PK2P7NjrYVJ5gv2CUp,Electronic
TRJTROJ128F92FE2C6,1B1mrqBI1tTkKRMR9IwrUI,Electronic
TRAJWPS128F9319E3A,1YqdzhjqSMHCQBHJ0zdhp6,Electronic
TRUEJGB128F427F041,0EZQqVo7aqZ6l5TYBvVBKg,Electronic
TRKKJXZ12903CC2FA2,0D93B71EiSXVRARQxYsvFy,Electronic
TRFFHQS128EF35C784,19wLPyzBT7EzdDj9JLF55W,Electronic
TRTAXRE128F42B9C75,1noYaQYfNwZYiJFXHENBji,Electronic
TRVHASH128F92FE904,0HvlDNBtE8gJNDFjlGuHW4,Electronic
TRWZQYL12903CD01E0,0i7SpCsy82DOOe3XpdWblB,Electronic
TRNEYTO12903CBB4A7,0Bu6WIhobSeVuKVtxQcJ75,Electronic
TRONURT12903CA8DF6,0V7EBnoIcKplVlMfpH9zGn,Electronic
TRCPLYJ128F933CB5B,2DYCAqbptU3tHQdXHvPSVW,Electronic
TRNASTS12903CE1D8D,0TsYDHVgcwAJWocySFFM2y,Electronic
TRREHWX128F42A3C8E,0Ykq8Wpo75UM2NY64MCL11,Electronic
TRLNISN128F4226B57,2JMjGPzf2SyvCwRP9WjeHz,Electronic
TRHYJPK12903CD023B,0wFfVChaEGxEuyPwiN3Tt7,Electronic
TRQLZRM12903CF7419,0ULy1NsFlhQxRfZtRx1wW1,Electronic
TROQZGZ128F145CAC2,13h7CmWm1YGOXWEsmpxpz5,Electronic
TRGNMBR128F92FFB1C,04SW2jdA3mEywAOMGOYTM0,Electronic
TRZXXNF12903CFCDE4,1FZacp0CkmcMVE5hymFEdB,Electronic
TRDUVPS12903CDAAF4,0EJjtn1bXfcr48li0IdvY2,Electronic
TRSCFME128F933196A,6uYgngEehjgS1nTedZLkw5,Electronic
TRDHGVA128F9300B63,2yaEiJQIETbU2PdeWgPdEq,Electronic
TRHSMHT128F145A1D0,5ibX8Z6mNWZeHegCnpYwXF,Electronic
TRGZJBO128F1476F3A,37XhdqmvLoSs26RvClwN9X,Electronic
TRLWXPM128E079401C,6YXQcPHnEtZMUeAphOXWx2,Electronic
TRXRCGJ128F93293A8,48KYO9xmz2nKAea3yTbsmA,Electronic
TRFKKZZ128F9329BC2,0Qu5WYGoYiHzxj8NT0OWLZ,Electronic
TRUVRIN128E0786D55,1WZ67vbtJl6grae6gV9wpW,Electronic
TRVBGXF128F1463589,0flZwJevfk2DptAn9HMCry,Electronic
TREMTHF128F147359F,0OXAg5RvbObBbVt8apnOfu,Electronic
TRMIGJN128F427B2BE,6abj3PcIXO4DFtPLkTFeaE,Electronic
TRBNJSP128F423EE8B,0sjN6LpoCAELS5b6LJImAD,Folk
TRBYGLT128F146A2B4,0IBOsG3HJQIpLHWCsYT7tD,Folk
TROABHR128F429596B,0tEjTLnTwbf1I7z3cow9qy,Folk
TRQJEGR128F429554B,1Jftyn6b1fMZbtHdQVOLT2,Folk
TRFDWID128F92EC490,0jSqrHjDr04YTo0lZisxxo,Folk
TRPVZZT128F423EEA5,60t05D7VVdNcjCENyzPSnq,Folk
TRLJCJY128F423EE8C,2ZffxEe88dQ0WemIprG0uV,Folk
TRBYMXP128F425A348,1m07OnWSMrz2Voj1DclqGl,Folk
TRDFQMM128F424A412,1B6EBoYD5PMBTjpL3aABp1,Folk
TRNAVUA128F423EE88,1hgU6HWjdY7S3uR3wF517f,Folk
TRYBFNR128F426BE3D,0SxjUar3kSzArD0dRloczB,Folk
TRAUKAH128F1485EAC,099qeTNLtGJVZau0q3BodF,Folk
TRSRUWK128F426C900,3eqHfzGSioTIOym3ap47hY,Folk
TRLMYVX128F4230E4F,00MWM5gaj5AjAnetzDWmKu,Folk
TRUULUB128F428C6DC,2QkzDWQWDHrnpoJ223rBbt,Folk
TRUMFSQ128F92D8942,0IS2gbB8oW6p1UP3fVz4ZM,Folk
TRRWHAJ128F146A2B6,5WmVe8Y6ApOdncK9uIoF3z,Folk
TRJNYKL128F1488552,0RLlGSUMlV1px4ASzHOeXU,Folk
TRRKZAB128F425E040,05KWabgi2i4NrnuATNtP6y,Folk
TRDTUQO128F428F0D0,0wwvzYoXog0cTfJTIR839n,Folk
TRFNVPD128F9325D06,2wT5oRi5u10SiWGdkbEbIG,Folk
TRIRPBD128F92F6262,0E0oWHnzTsyBIZXEGeM7sS,Folk
TRESMLC128F425A385,0nBq8jhnGNmlY4MKUDsQlm,Folk
TREPTRG128F92FA745,1x6WHsTxm2XbwTbA90WsCf,Folk
TRROABB128F428F0E8,3yddDK1BvwaBAxCadTuhQy,Folk
TRGRYLX128F933EBCB,2Cf4Hix3s23kcnWIDgbgRR,Folk
TRFPEMC128F42928FE,1vmJjsxbG6zuRq5ZWq6AzB,Folk
TRLCROX128F4295398,1BcuTkrmqT5mYrFvDeM9lZ,Folk
TRZMMWJ128F92F9FC9,3CcbA9o9h6wwmKZMh5Jfnw,Folk
TRBPTYF128F423EEA3,11YnGHiUSgFdrmHzfXRz16,Folk
TRNMKPS128F425A349,1LVLZvhemBFqIHLuNY6MJh,Folk
TRTQIRO12903CC3C85,1gPOOoBzQO85QKDzL5YciN,Folk
TRGCVTP128F429555A,1FrAYZrquF8VJbYW9Byq9x,Folk
TROHLZT128F424C1A3,0gTAulA4NLlvqB8zjZkYgo,Folk
TRMLFLB128F428ED38,1IHN0KXTQPqfGYZYgnp5I2,Folk
TRIRSHE128F14B0BA3,0m3djJoseCEsK7KaZ7O955,Folk
TRWSRJG128F428BA7F,01grwQhXsfw6gLzq9CnW4B,Folk
TRDFICS128F930CB0C,6HjIducxTsBW82MkU7DGym,Folk
TRJUYHK128F92E73BB,16gniYakUC4fPl3v8LLLpu,Folk
TRSYWFI128F931682F,35z2c7e40IUmOATxD23f1f,Folk
TRDCTLN12903CF9CB6,2tgx5j8yPdIbIfNjWeBr6k,Folk
TRGHZJJ128F426202D,1JP53SqdCNTs8FFG2ShSDB,Folk
TRGLLXB128F92D5589,1q2yciMI9xjFWL8ZdiRrEo,Folk
TRRMWMF128F92F9B8D,0ieGPafggmltvAl6764E8F,Folk
TRHSFBR128F424663F,0B4a8NQB3k4sQrVgDyA6oJ,Folk
TRKQLRS128F4230F04,4q2E04QJ6RIDwTxTZ5OiP0,Folk
TRFLLET12903CC3C86,0W6N8t6gBUButFVk4mMKZI,Folk
TRMGYUV128F92F6C06,66HcbTLAaBgqHsin2IUWws,Folk
TRXIXSP128F42A04EC,0BpTbO2NGLeML5Ti6Npnr7,Folk
TRXQERT128F42BAF3E,2YA9Ef4L42aCeKd5WbTY8R,Folk
TRTNIGY128F148EF48,1Juj6Rg5MhutU8gW43934B,Folk
TRBFBZW128F4241849,0FSQujUrfpokcp5pTPmHt2,Folk
TRTQHKH128F423EE8E,0C1s9YtVCrhPSj3xfhvrw8,Folk
TRCPZXZ128F92D1DA4,02CuBCNdfkKJbTENXioiad,Folk
TRRKQNA128F423EE8F,1GyI9OwMUZUaol00iutcay,Folk
TRYIJXO128F423EE85,29MwHznKB8eCswFKCgpqMI,Folk
TRSCBKV128F427888D,4ZdjCuiWBv2weLftWPJ72c,Folk
TRQBNQV128F423EEA4,3ESPtio6vsDYuIUDNRNpq8,Folk
TRWGJBD128F428F53E,0CCyA5Wuw8G9Mq6uTqbOyH,Folk
TRSPOSQ128F92D679E,2JUB0FUw8yaDhpFsphsxGX,Folk
TRRYVNG128F92FAE0F,05MVE0UsKC2dLkFqlp8qOm,Folk
TRYRSOF128F92F6BF2,0S7MQY3rKE0YD5UVQJ9jrk,Folk
TROSICE128F93505B7,01QLHKTM642evmldSobVQw,Folk
TRFOQIV128F92EA111,1hHCx1DeuqhLOsKEgKOZnq,Folk
TROJVOC128F92EC9F4,2xPx3DLjEmJeI9HN7M46o4,Folk
TRSPYDA128F92FA061,02wNNRJBrWiZfE9J9qsXfb,Folk
TRAIPIA128F4273A3D,0LV9catAkNdOZJFC9LWeXT,Folk
TRFSFTT128F92F8CF3,1iUzJpYbem69hKiW9iXM3Z,Folk
TRIYPQC12903CF6A12,1oxaRqnrY170t93klMMDEh,Folk
TRIOKWE128F92F9FC1,01ZYsreC5FX7FtZJNCC4IQ,Folk
TRIGAXW128F423EE89,1A2saMxJmwG4G5qwSZVZIC,Folk
TRCRUXS128F92F1ED1,1U0khy9G9wVx6r4m6FENi4,Folk
TRUGYZP128F148EF4C,0DWDUyJCJOPhVmq8Rcfclo,Folk
TRCICQY128F92E4EE1,19pqIjSMdTYpbMVjpJ7ucz,Folk
TRUJLMG128E0781689,3lN3SlIwjFaIIlnYSmdDqC,Folk
TRAATUB128F9341737,0d3vKNA59LSdHvgrtrn2mS,Folk
TRGOYOU128F93223F2,00P9mm40IMpKZ7E4sU1xE4,Folk
TRUXWBF128E0785B09,44zGAo63hhc3xo0rlBweRo,Folk
TRLJNMJ128F429593B,1Ll4woAAYTg7aykPj4rroH,Folk
TRYZVRM128F4268BC0,10UOzrWGHnyVPb3cHRoZrQ,Folk
TRGFWML128F92DFAE4,0H5OnXaHsKc6CeCGnsmAn6,Folk
TRQLWDC128F42396CF,3Is25qMgJEyCM5w764pChe,Folk
TRAFUNV128F92CFEB2,2hxweZgog2IrkKP86KGATI,Folk
TRVPFIE128F42662BE,02QX8Savs8PcwP8BjFJNE0,Folk
TRESGUW128F935A63B,1mSHIwNSxvwTzQ3oCOQEng,Folk
TRYBRHJ128F145E2B5,2naavYgPlSTTJgke3sSqOi,Folk
TRUCJTA128F14856CD,0Ml89NmlG6hT23a530EE4u,Folk
TRISWHT128F92D3190,0TppeicGz18JyhT91Kwyvx,Folk
TRLLIHJ128F425C76C,1kW1BtNND8wH6r2WRgF2TH,Folk
TRVKWRU128F934524A,0BSZXc7HmoN6symNEfRzrU,Folk
TRHFYAO128F4281890,038kHXn1Ysjx8ISRqFMxBE,Folk
TRSYFAU12903CBE0AE,0D63TYUUETNZTwnBQ95QD2,Folk
TRDIRFQ128F93382DF,15uTxjdvNnV6U5u5L4vpnM,Folk
TRJWVNH12903D051C4,0C6LMeLJw1AqDpwxy4WPCm,Folk
TRAWHRH128F426BF30,20TaREs9O69cWOp235J99v,Folk
TRBTJUS128F4295382,3HEO5lpqONG5dad8p3WQvR,Folk
TRDMDAZ128F426C90C,5ebnwPmgQ2fekeLcX6HNWJ,Folk
TRFVGBW128F14856CA,2QBZZAedRu6ma59opHTYdh,Folk
TRNPXSW128F425A683,0F0aQyjllcNRAXIqHhZu1c,Folk
TRDJZAT128F428BA7D,05tQ7KTIr0tz8CfCicL8XV,Folk
TRYZTEQ128F4262A05,04QU72KX2SRJAf1KLryirq,Jazz
TRUQFSK128F14A4567,3vJ4c4lcaQek9P2lduDi5P,Jazz
TRDETUH128F9319F7D,2yoXodLsSImaebcO26Z89D,Jazz
TRLUQJE12903D04005,4bvF2uTWpbjH2rVtonT3GG,Jazz
TRHZHIU128E0788BC2,3S8K0lZYIRDcUJMfdnbHFZ,Jazz
TRYBMRB128F92FC743,25gS71PJGBB93NpowDNpHx,Jazz
TRZTVMS128E0783578,049S6Ur6QGgv13nGpmWTny,Jazz
TRERUAJ128E078957C,1rtMdoIcl0BY1Zyb6mVyXs,Jazz
TRCQWHX128F92F6EE8,1zTV6043rfuIS7RRDhfflw,Jazz
TRMBALI128F4263C1B,02Or0xpAQl2pEw14hEnlrk,Jazz
TREKOJF128EF340745,05Fbw2Clh6uR53lERyWHKZ,Jazz
TRDOCSC128F42708E5,0F5P4HKRJ3CqhcOdoFHzEN,Jazz
TRILLQF128F930835F,0hxWjGW8DwLXN4Xi0yENhM,Jazz
TROMWIV128F429E3CE,1gT3bKd1QCdkvI7dV5M3xi,Jazz
TRYBHJR128F42961DF,37MdSCdBWLScJXo5v3fdj0,Jazz
TRAEVRN128F92FAA81,260hSlqGqp5p4eewkuagRq,Jazz
TRHWOZB128F42677FB,0AVVtfmZZ9HKFNKC8jlTIO,Jazz
TRBEFXZ128F92DF480,3G7haexTHg8NWpDQcDxuDC,Jazz
TRTYJKM128F42644E8,0cj6wRt11vhskr0Spla2E1,Jazz
TRIXSMB128F9307414,0KESdRlhFaZ2AHr5FdCcNT,Jazz
TRZINJQ128F92D1687,1w8pJ6OMiEvTAzmQJ3CqWA,Jazz
TRFRLNY128F92FB91B,0ks09zdNZFuyJS29UUNzS4,Jazz
TRGGAUY128F42772FF,0CgyI9s6UhxHntjFpgzzyp,Jazz
TRPIBJW128F428CE9A,76wXoUkBme6E5yPhXv6zfR,Jazz
TROMKRY128E078957D,3tP6vYhd6DFLJkvtLzpJ0Y,Jazz
TRCQDWE128F4213DE0,0DJFfzpoWz0wiaBzqcSeuh,Jazz
TRROFDK128F1499D84,0q7zavvJxlQDazmSYTsosR,Jazz
TRAAYTI128F933663B,2A5Cl0fxSJDGs7SC3fryhR,Jazz
TRDWQAA128F149A190,0kPl2eUAy8eYet9w7Ck2y8,Jazz
TRLRXAY12903CEFAD3,0RJ6CvfsnjMK3v4KK4Y6fo,Jazz
TRKKVZE12903CDC5CF,0DIQNz84XpsUaDE0z1z1eP,Jazz
TRFVWHK128F4279F58,0b7wjx2Ztiiib7HkVPo9Jw,Jazz
TRDSWNQ128F14B1539,0GLQA7qKOcaQXt5msptV5a,Jazz
TRUGBKO12903CCF906,00cT2b2qm39faglnFluvBf,Jazz
TRFTKCH12903CCF902,042MVhJpOW6wdDuwa9F5Ar,Jazz
TRLFEPH128EF34B3C5,5eAjH216cLRo2rotXPTl3S,Jazz
TRHJQLQ128F92E0AD0,011cxfvyxNLRtfo5KR6Ir1,Jazz
TRXGWGY128F4228E7E,2JKlSb5EKeFGL7jKCsATVg,Jazz
TRCXFTZ128F14B162D,1uVSJkagOwtgMmeexAp1hg,Jazz
TRLOPGN128F4268EE8,3Cirq91kWvk8oLaHoamBnf,Jazz
TRYBZXV12903CED4DE,04g0OQuPBl11kPRCDwtmnT,Jazz
TRVBKNN12903CF842A,0BpsX162KCzuBlk2sQt1Wn,Jazz
TRFDCFX128F92D3A1E,1EN3p7jO1shOkOEamkbyKQ,Jazz
TRABHPA12903CEC222,00W6PuRRN3guahjw2q2qMa,Jazz
TRLNXPG128F931B02E,03vgyTE3H5cy13gXNnwYsB,Jazz
TRSZANB128F931C2DD,42Gsz7kUeyeGNccItQByPH,Jazz
TRUVZUH128F42385D1,00J8qS95zCFIbqxZf20nXG,Jazz
TRGQSKW128F428E601,1mlZiN4dDlbZNpOGa2jdKa,Jazz
TRAAJAC12903CEB847,0c5Uw4APNPrGdEU3K9xMrQ,Jazz
TRQOOUL128F9350A97,1z270aIqIu6yz8EkrHOQ7a,Jazz
TRPKOKR12903CE91AF,00jZmgB0RSq3YtoginMOpR,Jazz
TRMXZMN128F425980B,5qXhjrcfWlEb7XgAjxnBpl,Jazz
TRLUBDL128F930A12C,01fGKhGZwVCrNd24IxLyBc,Jazz
TRIVUMW128F425980E,2Fr7dMmDbt02SYluNse16e,Jazz
TRQORZJ12903CAB9FA,00Dj7Oh7pWHNfdRte9D0Lk,Jazz
TRCUARF128E0783AA9,06QO62yqmz8DgrPVZugs71,Jazz
TRADSXU12903CF14CA,033jzfXUUuZBAkJYE6lyNL,Jazz
TRKCKTA128F1463559,0anO2GzDqalXT8xcuSncpi,Jazz
TRXUZAU12903CB4EA9,002C3yGUgh9geWiarDgEha,Jazz
TRCBBXT128F931B080,1WW6ibAK4hS2m1etYMxRZc,Jazz
TROIHZU12903CDCA9A,04ockmfTybWvxmuY9BQfV9,Jazz
TRRKZJJ128F92F9F1E,0CoLpaOC8BJnUSEBn1i9nq,Jazz
TRDHNQD128F42A75BA,18VfFrNPW6ZJgatwirzqxu,Jazz
TRHEEOV128E0795CD5,085CDBQJYotXMHepXKVFdI,Jazz
TRIUIPA128F931C0F3,0vsD5bIKCfgpaEfGBkeoDs,Jazz
TRUWVON128F931C2C0,03ywTUhKUkXTbU2LXMnZKF,Jazz
TRABTZP128F92D9357,13g9fIMnLWTLcMGB40mPH6,Jazz
TRRHOMD128F4266AEE,00HmnjnkuncnClOUQKtHNI,Jazz
TRRJCHP128F425961F,01RO7CAso4ivOFuLA6bf6W,Jazz
TRGJZUI128F92DB525,00x65nNeyR7iLjQBQxbqbA,Jazz
TRKREKL128F92DC9A1,080ySvFI1tNy9ZNnfKmJa8,Jazz
TRVWDIW12903CBAC37,0vdhbqAHVLcesPJYu02OPw,Jazz
TRCLOOT128F92F27DA,1LDLwJ4RtmsOVqljESfnbt,Jazz
TRSCTHM128F930885F,00tAHr8wTA7WkB5060Fr0J,Jazz
TRXBWCN128F92F6083,0oh61ZeBfXUJOqWzGWlVqu,Jazz
TRUEXIE128F9312280,03Amgr2ZZ9eGyPC0xKZnC0,Jazz
TRLSXYO128F14932F1,0agBriTy7L5vFjeFT4qXr9,Jazz
TRNYPRA128E0786505,1qmq6wt0SLuh9HlKhHJHt1,Jazz
TRINQFB128F14AA247,20Bh58gfjzMpoLepxlNS16,Jazz
TRXIAWA128F426B5B6,1K91wl6WzfSx8H5TOgF4Nb,Jazz
TRFPIZV128F9307DF9,2AokRKp4n89pHErWhw1pT9,Jazz
TRXDAFX128F146AE88,1pI6m0ECwlGsQ2sM3UkhX0,Jazz
TRILEBD128F149855C,10IKmIRIYTuJkk8XLIxWMZ,Jazz
TRADAUR128F9351B94,13BuLlW99DKiawJCC7Ctp5,Jazz
TRFNFNG128E0794B47,04Ho98yC2DMeyJ3dXcL2sm,Jazz
TRUGPWC128F9349C50,01ssPoW30nAGqu2BE5ibar,Jazz
TRIINUJ12903C9B42C,2nW9BTYn0cDlve03fOMKcZ,Jazz
TRKHUOP128F42B1B99,1CIjglldllgpUnvpA9cBFY,Jazz
TRIPDVC128F9300653,1GbQjqfx9cxh61rD4jRhSA,Jazz
TRBOMWF128F428B2A7,0cLH7BXqfm0RqnjueCPLfW,Jazz
TRMRWUR128F4263D65,1tweoIFtFDWX94WILEOrGN,Jazz
TRJAEFB128F42644DD,0ZOthFR1iYG1NIOPvemDL5,Jazz
TROTZEL128F147F7F1,2efUGcTiVWIGd7VsKkrHHF,Jazz
TRVEHOG128EF350ED6,0wEtgFyHuAjCAPdnnzgqtM,Jazz
TRBFLZY128F428FF2F,0rrO3Kk5LQCrfzCXcoPxNJ,Jazz
TRVJBFW128F1456FAE,6NFKEDkZtmAulocCBfdDhl,Jazz
TRQUFVD128F4236831,03c6s6VTKDsCU1R5bclNii,Jazz
TRRFNKF128F146AE82,0fPJnPJ7LCQgf7SMfBfoHM,Jazz
TRFRJLI128F428F1FD,2OuSYixlYNVKS8U4E5CohH,Jazz
TRRRDKL128F930BFD9,004kSiiS2flJB494B2qKpC,Jazz
TRKRETP128F14794BD,4pxn7xbwY3TnLswEWwpI09,Latin
TROEFBK128F147FD04,2NIufLG7LaySdn898XEtIV,Latin
TRMVLCU128F425D72C,0gb28BiYgnDrlrnfoSbPas,Latin
TRRWMIP128F42881A6,0aH9P0IsTC9YHZIcrHQfiR,Latin
TRXGMMQ128EF342181,2Lgzb34x6izEIpVSLKlmVj,Latin
TRJMUVN128F423D014,0pnQl9tDMRx7tJZ84Oq6um,Latin
TRXKRMS128F4269742,0HWjHHpR9TuvnIL7QpSxts,Latin
TRWSHXR128EF355EAD,09fQ10W965wqqxLLdtXhNi,Latin
TRPFGMK128F426499F,0a5hCQUNwy4zFFM4WHgQ2a,Latin
TRZPCXO128F14628F5,0adFAefCtNMD9PjSUVV4Od,Latin
TRKQZJK128F427919D,11nZXT0vqOcS18rnMXOmVy,Latin
TREFVVJ128F146E4D1,07Kv362UKOrAnvqYYNVUVA,Latin
TRZRBRV128F42AD2DD,146oKs10MHszv0JgQDUCXf,Latin
TRZCMJX128F4273317,0kM2ZjqOCikbKDigQBUVdf,Latin
TROVELG128F4278F1E,09oZXunRcHWgNc4jYxDeue,Latin
TRUTBNC128F4214582,0dGXt9K3GNtciSewUclpia,Latin
TRLLHPH128F14B137B,00YgVFxWhVBOXvPzCbYPg8,Latin
TRBUBQJ128F42409EB,04JDbtG7KYiNkOFHXHzxiK,Latin
TRHOHWX12903CF6C70,004DCbObMToUiA5a17enh7,Latin
TRLWEQT128F42768DE,0iCzSGuDXRBJFOkGRfpAHG,Latin
TROOZEZ128F4243798,0WXAgdhYWmhq5yWTawHUBp,Latin
TRAFNQP128F92FAA26,0SHKaHIQde3hIoeTN5tOX4,Latin
TRUECIC128F4241078,153yBLVtczSxR4CLIFW7aD,Latin
TRULBNV128F424830C,0toRKtaWUoApI5fGAV0Hfv,Latin
TRXIEHB128F4272567,0uTBy5HeHpo93aZP2KZRYk,Latin
TRMOVZV128F4271E5C,0crahd3bPDMofZJs59dyg3,Latin
TRUJGPU128F1495918,0laZcK2fTiVicDVPx2qws9,Latin
TRAHEZP12903CB181E,010x50tCNxKYD85BkhDcgE,Latin
TRRNJBC128F4271D5C,08buOyZEYVCzAUtudpenlk,Latin
TRJBYDC128E078258B,0fARBssXFbhd3gPj4Bt4iu,Latin
TRFAIPJ128F427322D,0SuNSbuISaqrQ4xXmw5Mje,Latin
TRWDEQF128F93351C6,0m7uBCGPRTA7DVsYXUc0hf,Latin
TRCSNFA128F933AA93,0tQGoBoDKWkF3WQgYel54W,Latin
TRIVLOP128F1481266,1w9MBg2DuxrWtlEDzCKcYJ,Latin
TRFMDHN128F4285A49,21etaNV0J1xjWVmj9kRLf0,Latin
TRQWRFK128F4243856,1UVGq4F1YAt263SXEbXiYl,Latin
TRSTYBN128F92F08B2,5NjLrbTrcwiOE5MYD5fJiI,Latin
TRZMYDQ128F92F08D6,4aG8luUBo8RPbqsMius2vl,Latin
TRFDNDU128F425218F,0HB3gmAMC46FIPFoebTbk5,Latin
TRHAKKB128E07959DC,0BZ2iW3fbkLV7p5um3EWFd,Latin
TRWTETN128F14758B0,2BEUGCeN9FBV3pA06fjLu4,Latin
TREHHMF128F4291A3A,19M7JUanz4rwqXvVp050nh,Latin
TRYASGZ128F42645C0,02j6U8Uyv1xGVt9TULrOhe,Latin
TRTODLI128F4271E3E,1KCX7D70ZgadWo2trLqF1T,Latin
TRDXULY128F42918BD,09f7H8y5SE5Qe6RIR7YrDd,Latin
TRCXUJX128F93481E2,0aTMBEfPCCkKkneU6gLmDD,Latin
TRLORHS128F4248319,0DwxGrdrC69EIczdKAwGTk,Latin
TRPXFJP128F93351EA,1axRcCp2CZVjdWMMIBMQ73,Latin
TRSUKMI128F4235A37,0D4dagzwqDUXb1bMBsHHKP,Latin
TRVVETZ12903CFF53C,0Rsn2sXoYK6gzWCy5bcmxS,Latin
TRQDKLE128F4221FFE,0NNZHq5cdOhxRmE6U3Tj2P,Latin
TRCYMZH128F9313CF4,07p5eC4vj6wTz2Y7BhPSD5,Latin
TRLJJXY128F4222084,1STa806kMnfxE2FcsD9uoe,Latin
TRZQLSL128F933A36F,1qMwp1UfKY8G6hA11Gyilj,Latin
TROJOFW128F4235E4F,1wlvLwSy8jXzCUsWFJf8wc,Latin
TRHJKCI128F14794BB,71993UKujicMIrXbb1wvjz,Latin
TRSQAWU128F92EA20F,0ofDrTTcinCUxm7wqCLPQa,Latin
TRRXYNM128F4285058,2VMI6a0r73Jxi0RXurdFfe,Latin
TREDYAD128F422E64B,0SGxR89fYhzlNQ1Kd63tM3,Latin
TRUDLAI128F9317944,1lJILssXhV1Ld0RUuKO1bf,Latin
TRUZZTF128F42735B2,6ktmDKst3HXF8YBJtE9wjd,Latin
TREDEQN12903CA9E98,0Gf3st5JHOk8kJjwE3toOO,Latin
TRNWCIT128F9300059,33jdGMwD0jvqkYo8E7qdiM,Latin
TRDTICM128F1469F3C,0uJJrpMDltYK8tXbFNMJC3,Latin
TRUQZEP128F4248321,0FZXsrXqF0tRf4Kn1gYXSk,Latin
TRGWEYN128F42723CC,0cmZIyADVjGkxaWJN4VmLM,Latin
TRLLQXG128F9307290,08l3rvFagLkEJB5l9tHq56,Latin
TRXOWKQ128F4297088,1KsGbWdH4DCbUhq4iyeihY,Latin
TRLHRQJ128F424831C,0aQ5WLFnSpqEeTo2LCQ4ja,Latin
TRUFXOK128F4248313,0hVEHoKFZkHiYpsqpM0kr5,Latin
TRFVXUC128F9321145,0oM3Bhw1U2FQVIuMIqint1,Latin
TRAGERQ128F429A9BD,0FbVtnhYxtvWVVQoXO4zqf,Latin
TRGJXTC128F4278ECC,1Gpb4mSdcDoFcOPajj8WKd,Latin
TRBCDQG128E0782588,0EGdz2f7OAsxiRS6BRF250,Latin
TRPHSJU128F424831A,0lgsvKcw8ADusdXDrfsVet,Latin
TROFVOI128F426AFB0,0zzXWojCNCTq2kNTbK3cod,Latin
TRYQKVN128E07864EB,1MDiG9pP31fvDpAjmNHDEz,Latin
TRXAEPS128F1469D16,0muAvT6OjeqqNTkGhdUCjh,Latin
TRPNSOE128F427CCDF,4rFOEYWpkwKPymCj2SEarz,Latin
TRGALJI128F422E77A,1iOhDhysr3BjmICFIJRpup,Latin
TRFXWJG12903CB5D03,02H7ukto8fMdy22X9rr4av,Latin
TRWJOET128F4269A6D,0hO8W793pFsJtZO5sguU7N,Latin
TRBQWAQ128F92E4011,0PIZDOonVDpNlEkjmtuVFb,Latin
TRDQKMQ128F92DD143,01X9UOK6FXQlRctXVo7rAH,Latin
TRSGPHB128F428B47B,0CaVI3qM61J9bZHWdg6VB2,Latin
TRGKDUW128F424830F,0LrcwXOREl3XYmoNgrk4PF,Latin
TRAOJMT128F92FD7E9,0D5kDzncleh3tjh877IbFm,Latin
TRLZYYR128F42671E1,13X7nrhPbX4aLppxjgJW9a,Latin
TRDTQCL128F14A3F37,083awrMgUrODFp4FUfyU1Z,Latin
TRRIBOP128F934D0E6,0WMSOFttGVcpEK0S0Lml6n,Latin
TRTXRGV128F4297077,0gGufnCyguQmf5NTESaYO6,Latin
TRFZMAX12903CCA3FE,2UBWZqBuiHrrPcuNyRW3Me,Latin
TRXHQTA128F42691DF,0HXkZxflii4wsif1fBhyiS,Latin
TRPQSVD128F424382D,3oFwFUxhOgem0hPpFsor1n,Latin
TRRKBVU128F4235A44,09i9mrBoacT1QJPTLr829v,Latin
TRGBNBN128F9303FE3,0nTSg3wGVhGXQFYyE4y9hf,Latin
TREAPBM128F4248309,03Nvg3fxB0IOjBl5xsmA7h,Latin
TRHDIQD128F93246E1,038EYyWq1wc4BAKfM27yYZ,Latin
TRDECBR128F4271E4B,0rBbQ7hWkUfXgQ9oEbefrE,Latin
TRUNOYE128F42614C6,00FT1Uj5OZ7VN4fFOfbdKS,Latin
TRWZVAA128F92C407A,0EYwEo876VU0kF02mgX9Ih,Metal
TRSINPM12903D01B10,0kwJNXIMkRtqimHWEYjdfW,Metal
TRDATOL128F42690CF,0CgNaqSuBTeqCZ33N171l2,Metal
TRFOBPI128F42734B9,0BAjUM6V9P9g8rK83hVUTJ,Metal
TRCAOLY12903CC2544,3TA0sW0ammDFhxLFjIldXG,Metal
TRPCPUK128F934B699,26JZhqg2SbKzf73XgpNGjI,Metal
TRKAUMD128F428CA9C,0deFhkF5SAtf3s6jFLhfBC,Metal
TRAQJBB128F4239815,0cYrSvxiZIJ4tHs9xvsE5F,Metal
TREIEJD128F934B468,3PRUVpbUrGHh3Wl3lIYEyF,Metal
TRIUXDJ128F428CB82,4vYRruf1IEuo8R1WWmEY2R,Metal
TRULEYH128F4251E8B,0vXF0rCs7vo0L1nnZUEOVe,Metal
TRPAAPI128F92E1704,2Rc1JmBCqyAQ68ep62B9m6,Metal
TRKSBDU128F92F888A,4Uimakd7Zp6pfkfRq8F4Xm,Metal
TRJCGNI128F9321957,4rO9YLVZwrwq0RtN8Wt9jT,Metal
TRSCACG12903CF0E7B,0QzbvoiDTITpYv9CxBNkx1,Metal
TRLGYKD128EF347225,0iuU7GmTffx2bdfRLqJHyI,Metal
TRSVNKP128F428CB99,0Bj1EBRqeFiIPDVE0CBC7F,Metal
TRMIHMF12903CF4481,1XbyzAPxnLujSBsiMgc9nK,Metal
TRZGGXD128F92F4848,3rqhe9BDLFZAFg3QE5zyuB,Metal
TRLMMQH128F934B56B,3EYJc3bPJfx0Rmzm7ltWRM,Metal
TRGEHYN128F931EB14,1IZt9xR1qNiYNY0wjIrleq,Metal
TRFQYPZ12903CF0E76,0AnWvaGkL9ZZXZdpiynW0n,Metal
TRMBGAO128F4258045,1dqUX3H2pwzuIKJgUltyy3,Metal
TRHRVIQ12903CDD8C2,1MR1FaBnXqKwu4cnWO1rtA,Metal
TRRIFJB128F92D868D,235jHZTxYCrSJarYYXfIYK,Metal
TROQQRS12903D0A076,0aeC5U2ke2SbTyBjt4b6Jp,Metal
TRTLPWM12903C9B15E,02KybIybHyEzc9QWOP0F8x,Metal
TRRGQLQ128F934C324,2497ltyIndN0TD9JAcEKBQ,Metal
TRURCFO12903D01339,1ROWyfrMWDUXzgdF5C1AaX,Metal
TRQVGTX128F4256ABF,6gFgahnOeNmjsifyzrlHbi,Metal
TRSKSQS128F429D9AE,01NMLBVLj31KKS1v2XPdzw,Metal
TRBBUHH12903CF3E9B,27MzV5nkLLEscSp8Hs9ekq,Metal
TRXSAPP128F424A2B1,2Ql35D6jSAcDyLnQGsD6ie,Metal
TRUPDNU128F147CBE9,0Zo0GJhGcT2qKFb5NxY3Vf,Metal
TRXEYQM128F42920A3,0juoDT0jZWlKkzY7jJT7Gb,Metal
TRPWBRV128F148D659,0ia2ZseiT8knOEFD7r8IHa,Metal
TRZBCON128F932BBAE,1m6d2WBofmP96aB0kPjbWP,Metal
TRJNPPQ12903CDF0A8,0dGdPlY4GfxXXi7DuH82qt,Metal
TRFFHMM128F422CA3F,52sikrEjSwfwpqwT77kgIP,Metal
TRHMQFN128F934AB18,1hS8sLbyN7fatJKwaPFdXd,Metal
TRLNKNL12903D0315D,0CuWKLkUI8b3dBTh6Sz1Wz,Metal
TRUEOFV128F4262641,0vTpdXDHj84Ywji3iDjW7k,Metal
TRAFQXD128E0793E82,103AiGOUUdZHRMQ3qH4Qhz,Metal
TRAXOQD12903CDD59D,2qqhQoaZkY5o68AJiI1ciu,Metal
TRZOPIN12903CF43BF,06isCVq5YPRWAhXwMtIyp6,Metal
TRPJRLJ12903CF3E97,0g3LvDJ27CfnXmXZsjioLR,Metal
TRDLDDN12903CDF6CA,1R9JPTcXAQqnxnclTVlIkV,Metal
TRVBRUW128F4291001,235YNfOd639SNTFdUULb37,Metal
TRXIYMD128F933F2D1,0qzjYdoYEFzxTHu274Bdhp,Metal
TRYPJDP12903CDFAAC,1Un94jPTRCdi8MT1R3cQ80,Metal
TRSQUOG128F426AAA7,067NCLCIr4YNiB6MqCkioR,Metal
TRANTGT128F931F015,3G6m0TwRtKdTQOiuuXx5JO,Metal
TRIZKTM12903CC1FAB,2W119zmpEqEPB3L4RoNRqH,Metal
TRVOAVJ12903CF4302,152vsu238gIIs9Z5l1pGRr,Metal
TRVTVBJ128F934B546,2hvoap8VIfLQlNF4x7cdY3,Metal
TRFMBGS128F42684AB,0KFNgZcqFdB0n3WsAQXriw,Metal
TRRPCLK128F424C963,0SnsUUV1QrW1VOU7Svj0MX,Metal
TRHFFPB128F93146D6,2iOf21eKSU9bhQD8pCKSyJ,Metal
TRAANRJ128F931D72D,0vS04XHdPFHuxsKBTAvnn5,Metal
TRCOUGS128F4239804,0ajbDpi2CQ9sl2uBMUSNpj,Metal
TRXULGF12903CBE705,5XlgvmakaU9N7IoGabsJyk,Metal
TRIQNXN12903CF21FB,5mMYK4TvUkSECjctUB1eP2,Metal
TRBWLXZ12903CF1CC6,03sR3zXMYmbshBimh0I07Q,Metal
TRDPYZA128F42ADC95,4OHRFrbpnzERWAj0J0nAto,Metal
TRURRVV12903C9F089,1fMk6lOYtCJ3jnhYJ0S4sF,Metal
TRVHBIL128E078FA01,1FTo6cXrlyXVHyJhgOkvaZ,Metal
TRKZUXG128F4253774,4O0y7WZF3fVnkhkJwDhySa,Metal
TRIRMEA128EF356B97,0qjXqT1EDK5WWYi7w1yIFk,Metal
TRENXMN12903CF1CC7,13ntniubkcgc3Ql1on9o99,Metal
TRWOJKX12903D06BE4,0w5NvHp7HjZeQhqmKYURCN,Metal
TRIKUXV128F42A5517,2LBLJ5j825jxP82tWj8HOt,Metal
TRNBDXU12903CC6415,3eb8godhOyCzqQE7peZT9X,Metal
TRINCDC128F428CAD0,12Xk30V4whQdqCNeW31VjD,Metal
TRNUUYM128F4242120,0tkVd3YiaQsu9nNZPwGI2K,Metal
TRCHEMC128F424C4F3,09MSgyU4eo08rJTvOIDDJI,Metal
TRFWIGT128F147CC7B,0S9cx87cr7bDxutGwfxp5k,Metal
TRDKILY128F147CC86,1OeorVexvWzr5ydkSknoYp,Metal
TRAEHXB128F422EF3E,0YGSSc3S6NGjxGCBDYZign,Metal
TRHKWAO128F92EA2EA,0iO6vgRblWY1rfxcOdJRJj,Metal
TRUMWIN128E0789F0F,3pHriBqoFVQaYkPerPSBDZ,Metal
TRUNXWJ128F93297C0,0JhuB1ZEXW1DpNEIyIMx4l,Metal
TRYJEYR128F4290FFB,03Gs3eAOlUkCJIsCX63qhD,Metal
TRNNKWM128F934AB1B,03bYhXKfahzHx8YehBeSUj,Metal
TROFLBL128F147E694,3BYMXkE0taEXW1U55dabXK,Metal
TRHAHYR128E079388D,0bNHIb6bjevPsRPWz3l1no,Metal
TRKYABN128F145EADB,030GhKr0cVEi3Po7ScXC1Z,Metal
TRGLRZS128F421B4A1,184TiPApEBCG0C8539ve5J,Metal
TRBZJUP128EF356B05,2ipYPVN75ae8WNdhvY7JVQ,Metal
TRHKABK128F1462479,0DndyD80WxuSE4H4wqivin,Metal
TRFOYZF128F930A75C,02pDPIsZ3tZAUIQstzffbQ,Metal
TRXRHZA128E0793E4E,01S6Yuyw1JfloTJZJE1egL,Metal
TRNIQFN128E0793E85,1KJ0slPieoKVuvA4wufi8U,Metal
TRTCHNA128F931EAF3,0DNRlVwSY6KxrVs2aOnEy2,Metal
TRLYEUJ128E0783BC6,4Wtks1edGhm9yebbe5W6WJ,Metal
TRRAMCS128F934B99D,2tFlZsPDbsO8TUJF96wSv4,Metal
TRPHLST12903CF4226,2ZePtu4UwVF7kxuyp4lYdU,Metal
TRKDIMX128F428BB9F,1XEG9Sh9ndbecCrRSs2dZ0,Metal
TRLDIJZ12903CF8922,3Gwn9HW5o2X98cN3xhp0Ay,Metal
TRXOCZT128F934AB1D,0dt3XQL7LjTNyizTXY00yD,Metal
TRMSXSW12903CD2CDF,0j0sCz3x6VIWT9bUwQDWaw,Metal
TRDFMKD128F429378E,0l88r31HqUIEUPz0JJzJ19,New Age
TRTXAUD128F4264530,1L6OGslfAbTMdKJFnp3Hqh,New Age
TRYFQXK128F1469569,0c0X4p4fER8ldFSHBLRkWQ,New Age
TRJPSUJ128F423C32A,1lPYx9CtR5dUBxUBvywoB4,New Age
TRXVHWR128F1464D00,4dancSaBtSNGrBAVLl4vdY,New Age
TRADYXQ128F14655F1,0aiAH0rJX9KJzwy3tzPQSS,New Age
TRIWVWG128F148F909,0E7Zh6SfONx9ASemXTIJkt,New Age
TRQJNXY128F1469546,5yi7wYCXSltNUPQEKlERti,New Age
TRREZTC128F932E761,0fl8jpaCn1FSSZeeO94HbE,New Age
TRLENDR128F92F6EFC,1z4V0IbuPE46L4GxvLdHf6,New Age
TRXNCIG128F9315A81,0xgZo8kLdZqMJvQu1PWSuu,New Age
TROYKCI128F1468D95,1BK4P5U99RBR0Vlvueshtp,New Age
TRFORFZ128F9311116,11gui2q9u8RUYnNV8IN2Km,New Age
TRNNTLI128F93051BC,3vATbiPa03ptd7curXqeZz,New Age
TRPMJNQ128F93017A3,1aAKsbTeNQQtrWgZiKiten,New Age
TRPFGJC128F92F1B49,02iAotNW5FJqB9jxntJ7D4,New Age
TRZOAYC128F92F1B4B,0z8Isaol4ic6WPa6Srpzx8,New Age
TRYOTWE128F421538E,33rSy983t4kEdnweVYNImB,New Age
TRLZPSW128F145A631,0djaOaxoHsYG1G8QSqHupX,New Age
TRDZSVE128E078E27E,0eXCRoalrQrUMLYrJwSq1p,New Age
TRSKXEO128F93049A0,0c5egfhJGfvaz8it0OHrQb,New Age
TROSQYZ128F92DACFC,0qGfPPETElR57zFVnJfQRe,New Age
TROMZSY128F92F2F41,1l3HcnvQkj5wkNG3nXMIRl,New Age
TRFOKLX128F92FF246,2GogOMaT0TrTwGWY0ukP3U,New Age
TRGGULV128F4295F6A,0nThdvlErIL2MEpbE7iKu0,New Age
TRKKJTW128F14A2CC9,1TPBqNPhCeGRlNnDy9Wwx9,New Age
TRSKEXF128E078AF7C,2ftaysGpR1kv27ELqhED8d,New Age
TRFZASN128F93045F8,02v5X54nrYYGL78zQF7O7l,New Age
TRBNTJZ128F93051C8,1wSLaPL2licDadEcfZFq4s,New Age
TRGBMRL128F42202D3,014IjbKBu3zFQz2N3Odkin,New Age
TRIXEIM128F92F1CAE,0v9PWOqSwLSJhzQFTgCzHM,New Age
TRLOGUD128F931023F,0JXgo2MQrmbUCtQXX4ya0s,New Age
TRGETDV128E0796895,1tuJXivq6DkpSmTUhxcTfg,New Age
TRNIXMN128F4295F70,0hQ1xTibCCRUK77VL0831S,New Age
TRDCVAI128F1473EC6,0mMZG7eMJPxRvsPbyvsBr5,New Age
TRJLORC128F429596A,1EtDirwsItquhCrqtC3pOn,New Age
TRYJDHQ128F429023D,0xNH9bXFhkVvncexXpoW9r,New Age
TRGSXES128F1468D90,1mITvds7JRzV7WJhsnGGpn,New Age
TRPZFRA128F146956E,6bl2cA03RSC3uodBpq66Jt,New Age
TRPLRVY128F1473EBE,1D9ilaEYXOoQTyo0wpZXxU,New Age
TRUJRNN128F9300BB9,2RGfESRpdSBUO5lscovIpo,New Age
TRTUMOU128F930344E,1lWFkZcl4rUQT619AlaxIb,New Age
TRCBUSM128F146A467,3ejxUV7z8PK3JqYUhpO2oD,New Age
TRFNBWT128F4291999,00kVZ6tGhF9xlIo2GAU5TB,New Age
TRCOLZV128F1453AD8,5gr5OUyqK5uIG2EouwV6Ta,New Age
TRNVLKM128F4285E1C,0hVNgeGZt6bRdkcpg599eZ,New Age
TRXFWIW128F92EC174,0XsdxatjBhzUsyjH73De65,New Age
TRFDVAM128F1453AD9,0jVDUBHY2SziMS3MwhKBpJ,New Age
TRFZZIG128E078AF7E,23CKOri3fKYlZhkVhOYmbz,New Age
TRTQYNR128F14881D7,4iWUu3ensdCwZiRcJduMNB,New Age
TRADKSR128F92F4687,191Tg9ZpGyjqP5sLO5gg3V,New Age
TRXBHXO128F1458F38,1vOBcrV6ZsM1Ps12rTq0cd,New Age
TRDZYDU128F93071CD,09CnYTi2tJEmXd7cSyDp1m,New Age
TRGYSPV128F146953B,1MIwRUsj23h7cYn6mNiqHw,New Age
TRFXYPX128F92F6F09,2kZjMvfXlX5lWSZRdhkyin,New Age
TRXLCHG128F42233EE,13c1PKHxf9TkmuI7ezB5kL,New Age
TRDAVOG128F93049AB,1om1Avyyn1emEctjwvR7Ms,New Age
TRYORAP128EF3447E3,24PEEfZGQczftugPMyLs7l,New Age
TRAUHFH128F14813AC,2Qht2oGrQU8XTvH4QzTZPQ,New Age
TRJDNXY12903CDD722,04sO2Rg7eeIY9VZ3eZgCLN,New Age
TRESUHK128F92EBBBA,6fsKpHpWbAGbE6Sbvy7wZ7,New Age
TRJUSRX128F422025C,42d4mhqWEWKNULqQXzLSjg,New Age
TRAASED12903CEE1C5,04JlHsrYsWIjL6YzJBktHN,New Age
TRYMRWG128F92DBA3B,2ZHGkyu2CEJuZgSsISNegQ,New Age
TRMLAVO128F1469D94,3CsxU22GIT8Oaap5qUvlan,New Age
TRCNEXD128F932E6E7,2cZ8Ecibl7zQbIZXRqKXOT,New Age
TRUVWIP128F422E647,0YlpODTw1Nppv44QGql74a,New Age
TRKUKUM128F427CC35,4GIkVISa0ByzqwVOrafIWq,New Age
TRYZWUZ128F42893F2,1HsuuwPdMU0v5SKOFf3h5e,New Age
TRXPRMB128F1477426,02PMyI1Iz2zfQUV1wOjtVI,New Age
TRRIZYQ128F92EC177,75P3nZ6BwOcDjMPelXKVhO,New Age
TRADJAG128F93051C2,04M6R4Fbah2AvgBPbCCbkl,New Age
TRINSKR12903CE6598,05is20r2KXB2rbMZtxFpor,New Age
TRBLBSD128F1490EF0,5E9Z2TKN6n97zuKlRAAvhR,New Age
TRPHOZZ128F1469573,5VEfLRSHYfsR0A2PfYf4f0,New Age
TRHSVEP12903CCF7F2,4KK0xvUhUKCgN8Ym37XnmM,New Age
TRWURTO12903CFA6DA,6m9HWinZz7jXLGa4TcUMgO,New Age
TRVGNVX128F92F1CFB,0BvJLHhQNhOLb1jCI989iU,New Age
TRBBYXV128F1464453,0u2GkRXY4PHBwjUmwsYVFW,New Age
TRRZWFZ128F930179B,14uZ7wpq1J4igJZaS0cSbt,New Age
TRIITXF128F147EFD5,2aE4e4QFbLfHtT8OZDgWJH,New Age
TRSWEBT128F9336E7C,4KeRXhil6blpGuroDZ2ot7,New Age
TRFQRDR128F932E2B5,1aXuc0TC1wgMX6rVYlY4HL,New Age
TRMKIOY128F93071C3,0Aw2euHRhPajGQZZvij7G1,New Age
TROPHST128F42ABAF9,0rwtrXCJjemO86tPVR95Xf,New Age
TRWZYFS128F1453ADF,4ZFz7FQf2JRvsG51HyOgpj,New Age
TRHHKVQ128F423C322,3IlYls7raj4GZ6lqOHaqCS,New Age
TREWZZW128F92F4690,5ugjmTM5l4xj4x57t9zZaS,New Age
TRCEQQA128F92F48B5,17iycEiYuuXtcttJLxpkEp,New Age
TRZCFMS128F424E4AE,0W0xNp0l9cyDKPnLP2uHEy,New Age
TRANRUZ128F934BBE7,0mTY034G4adUiZDuaDSfAd,New Age
TRJKCWG12903CD94A0,0KIqveNECDLejJT0yC5VFM,New Age
TRNHWSA128E0787D07,179b6yzmoExkmRgKJQqhlY,New Age
TRAUTBP128F14542E9,0LcA9JSkIGnRxDYkd81DUp,New Age
TRPKYXC12903CB6B24,1WKyV6QwRj5Q3ZIa0uWsUJ,New Age
TRIOTJZ128F1453ABC,1n8TznpKI6KjOsk8eRU2u2,New Age
TRUHOTT128F92F48BE,04p6e1oeECSO64By9DlM03,New Age
TRJRAMC128F930FF75,00GLP5GIYWxMq8wdDqtaPu,New Age
TRGCMVF128F423C6AB,5lW3TOgcgvMJeiGAJ0M94Z,New Age
TRTWHTW128F92F6EFD,5ZK29uvwr0M51ALut6QQYO,New Age
TRHECZW128F4278BEE,3PUUczZyDhU5hJdeCFw1tr,Pop
TRRWQQS128F931D2E6,1dsqaoh5PZZlmYQsXEzF8z,Pop
TRKFDQP128F931CFA8,0VI53TPAHyexegnUIyWAje,Pop
TRZSADA128F930C627,1yfuQlsoBwK19s8PVoRTVb,Pop
TRJEOUO128F426A2FF,09dCrBOuGL3kMPWsr50OIQ,Pop
TRHUABO128F147E40D,0291PYmaZLPUjAaYNTXUZC,Pop
TRKXVHR128F428B826,1cGgBKXBe746EGSBE0IWDi,Pop
TRZULPZ12903CF6B2B,0edw2YaOGmRaKJJm6HQVmm,Pop
TRULNMB128F92F4BCA,4n3uN2tCNDQaE3SUuF5Hjv,Pop
TRWVLJG128F9307271,1bmPRwZ5BdncW5o2jcIiud,Pop
TRBVNDS128F4298330,5SAGopoaraFmLS08bNjLxB,Pop
TRUIWTF128F92F8A90,40CTcn6yz8PmzEwYLwSYIV,Pop
TRLMZUV128F4270492,79E9zkXZuan9ihgNCUb1Dh,Pop
TRGCYVN128F42B7F0D,0oE9ja0sR3QxmxF7YHUWaR,Pop
TRHGTZO12903D1307C,0A3WbH0MufPGVdBaX86Rly,Pop
TRVPWPO128F426626B,0kv7H71Fjvtlx7eFiLB7RX,Pop
TRZQHYB128F423BD0B,3PCUtl771M6JA09OMlyhjO,Pop
TRNLNUD128F42607D0,1HCFKvynKznlV7aI8IayDP,Pop
TRZZLTG128F146D6B0,2LVc7gJozqTi8tencvYg4W,Pop
TREAXFK128F42724B2,3Be41uDrAuer7s6vOVO6nW,Pop
TRHNAVE128F14A3B95,4KWoHjPlDAOig4Xvj2eWJV,Pop
TRFQIOB128F92F375F,14eOUtC3i0oZXS08I8WRU3,Pop
TRSLCWT128F14955A7,32nduhtkR2otODarwtSlF9,Pop
TRCBWFL128F93126A6,1BgZE7k4cj5yog7xQ3fO9T,Pop
TRNANSV128EF345F9F,02h2q2TZ8i1AJz8cfnZiQO,Pop
TRDVQNT128F4232AB5,0K1ihEUA61uT0hYRxHcGkL,Pop
TRBFAWR128F42A4FDA,0c1miZI5NYrpH9AVjknj3H,Pop
TRYHBAB128F92F7246,008VFaGynEf8WVQH6CQBoi,Pop
TRHYGCO128F92E34B4,1M2dVRc4xWmZSVXsPKg9tR,Pop
TRYTXIN128F429125D,0WD5uBxgrOIcMWSqiEVaXl,Pop
TRLMFCZ128F932291D,0JnAnjlf1M7nIXBe0CBSeq,Pop
TRMMUBQ128F42B81FD,0GHQhjDZUXiTM2Gl5G59zL,Pop
TRJJCJQ12903CD2DD3,0aPZbnkMoWJaJ5CNVLCj8S,Pop
TRONJKE128F4263BB4,0anmeZi9dLi00ZI4iBikOK,Pop
TRZEDRT12903CD2DCC,0bEd4eh9mPSgI4AdjuizJW,Pop
TRATATB128F427C7F2,0CFEXDoG6aW4hxWxRp9ta2,Pop
TRUJKVB128F932EBF2,0nbu39QHbXizPAP0TIVgQ9,Pop
TRAAXPX128F42AA93D,1gbqdUpVUd2TRsbqVuQbfI,Pop
TRGNLXV128F424EB29,07bDddUZeb1RF66T4TFCun,Pop
TRTYYTO12903CA4A34,0dN3AP5JMkfGJLyYlfPShW,Pop
TRJYYAS128F92EF6FF,1VsVeuJ5f2VJDXqVGalk0o,Pop
TRHPNSF12903CE6C2A,04fuVnN3Uvq5lTTi9bB7E2,Pop
TRSXIGQ12903CE4EEA,0lQw0tVEna0ThTO1yaXFm2,Pop
TRBMPQU12903D08147,03oxycevnAzvXqstazY3Ky,Pop
TRKQNZA128E0782CD6,2tc8lLj7UA4NuqbFak3STp,Pop
TRAEWOL128F92D86EA,0nW1sNFEsPnVOnjA1BBajU,Pop
TRVCUVB128F1452972,0YhFsUc6rI7k08F2hYsdZq,Pop
TRYKOOX128F42A0C7A,0oB8S8bZZ6rdZn5ovO35Q6,Pop
TRUECED128C7196CE4,0SfUEFdXr7NXDAy2EbHBtl,Pop
TRRAGSR128F146E523,23ewztfwfSuULU946Dn96d,Pop
TRDPSRX128F425AEFA,0Ce1MKA7E6DKGSVMRPHAL5,Pop
TRXFYTA128F429364C,1hsrmBpddP05q7XvJA8ehw,Pop
TRYNOSN128F42A2B82,0BRHnOFm6sjxN1i9LJrUDu,Pop
TRQMRSO128F92FBA46,0aSbW9hhWqOtV22NHIdIBL,Pop
TRILOWN128F426080F,07qRl4PT2lA6O3KN40McLz,Pop
TRBFYNY128F92F8755,0CjXF6zVf1YG7Taj1NCICd,Pop
TRXGJUK128EF341FFA,3iKpHZWqkPuzYRUAOhz0To,Pop
TROBROL128F427176C,1oPoKzglqtFKalfu5URlej,Pop
TRUPYUP12903D0FA06,0JfDRRBz2iFunxuIXJwqsJ,Pop
TRRHAYO128F4259DE8,1Ac4rgPRYr3NdPIpD6I0sG,Pop
TRRGEQO128F92F0F49,0MTW6Puv9CX2fYwC6oL5NF,Pop
TROLCCZ128F932EC00,4jG5Cfg9Hn5ReXTHaGEW38,Pop
TRIMHHO128F4232AB3,0aEoUChzVgpIUIHn8BpHzO,Pop
TROOOIK128F146A4A0,052itqSo15JRkOhyqMdVl8,Pop
TRISFMO128F427F301,0fzCDvq0smVd9tI6eh55Jj,Pop
TRDSOAK12903CBF565,0R7wyVHD96jcX4BboDpAP4,Pop
TRQZNTC128F934BC26,6qvIa4uJlQds55w9b0xwID,Pop
TRTODUH128F4228F28,0nVQZlJqEbZvyXEev1bhIk,Pop
TRBFXNC128EF3439E3,2Iyeg2FGA2IdKStmJQ8bFw,Pop
TRMUBGG128F4239713,036ja1b2xtvqsLW8QxV9kT,Pop
TRBFZTE128F428037F,0E75kZRTQHhHNwkzTOXCES,Pop
TRBJVVL128F931E1BF,0kGYrpU0kiqmrPwIG8boOk,Pop
TRHYUAI128F149542B,02Ldz6s7reMiMFThegV6Gu,Pop
TRCQPJP128F4293FD9,2QZxpZDfJjhEGclSszvMVX,Pop
TRNRPJH128EF3439E0,0JCc1X6fEMOmmDaSS63O7s,Pop
TRROCHQ128F4268672,0Nuh37uz1ph6jZoz7NFZYk,Pop
TRPGBZV128F92F419D,0430F6pa9ricA4wUXWOsNn,Pop
TRMKUOZ128F14AF417,5xDmLdu9ZULvX1O9pv2a6p,Pop
TRIMGYM128E07848C0,1IRfeUDgSnS7NUmPJ0pRHz,Pop
TRRKBDG128F931087C,0MrOPIvI67ecO3AWJaXctu,Pop
TRURIGT128F425C1E4,2ErQR3gMlcMafd6TJ3LnRb,Pop
TRAITPW128F42782B2,0q0lJSd2cSsoOoTVDrs4m3,Pop
TRCMAAF128F9351CD0,1tNsUdr1oKQHuNMg5XV9te,Pop
TRCVSDT128F424C631,0IGis7CHaDVq2EtM6yWDtg,Pop
TRPJRSO128F425EA31,0mB7oedz34QA0GSHhF8H2F,Pop
TRVACSO128F146BC7A,1dILRjV0gwHAdZ1hHjW5T3,Pop
TRASFOM128F92F4B5D,04inSR7CmmNlLPJbClpI3a,Pop
TRYSIIR128F42333FF,1m8DQBD4x4WLADzZcH40kq,Pop
TRRYILO128F42ADE9E,1DqEUeR08wR3EC9U5AV8nb,Pop
TRLCBLO128F92F3150,0w1Ny5Qe6gixGZ49mwoMGN,Pop
TRUGEBD128F932FA09,0apXeCtA3a5uLBJ7eYVOhs,Pop
TROXCBC128F14529AE,08nUA3ssdlbAia2f8vHatC,Pop
TRCGWSO128F42A3643,2LQAuiKWdRKXHmFkl7G4bg,Pop
TRGCHLH12903CB7352,0bz2Uy1KE7bNGsGQU9pZrU,Pop
TRIWNVJ12903CC7072,5zRjeZL6xjT6f7c8dkHqrB,Pop
TRDGZKY128F4218F49,2vn1nZ8UZAnBatIy7nt6OM,Pop
TRFOXBG128F427EC52,01eOFvVLl6jvth5uHPXjO0,Pop
TROJAFA128F42B9B22,0dcTOdrYvOyOoFX9wtBS4S,Pop
TRLTWGW128EF3554ED,0bFdKUYc7s01sGKlfW22Bc,Pop
TRNGCNY128F92DFC78,0L2pSqnzpI8PaZwVzV8edX,Pop
TRXPSYB12903D05590,2cBguVgNrrEAn4qXeYz4Lb,Punk
TRDJWXG128F1486443,03zoO5a1whqHCBbqjN86uF,Punk
TROKUMJ128F422FD82,0tl7UmmV7HhX7UQW7ZBeJb,Punk
TRKFXZZ128F423789B,0uLHJ2dZIWHZbqeZNSojDr,Punk
TROYUHQ128F427FEAC,2yy6ZpXNY6OLF5jXs3r50v,Punk
TRTAVIM128F42B6803,1ENHD3bFXmBBC3HvR4uIeN,Punk
TRAMTYX128F42985D0,3U710HGM7joCEAqImf6fFd,Punk
TRMKIVC128F4298716,2ISumZiVuaXzvc62cCmWOH,Punk
TRUDNWA128EF367153,0HJfGdFeCagOkTst1IoJwE,Punk
TRBFVEP128F42621E3,2RxKLSS5GCBQPfxAYYo3NO,Punk
TRVZOTA128F428ADF5,2zdRmekZRqxacp0t4JoZ40,Punk
TRLSWYA128F428B8F5,09CibftU63IIhXuGa1Xzzo,Punk
TRPMABN128F4259CEE,0pvJw54rwNmVN0xzM2W5EL,Punk
TRXMGZV128F4251499,0HtMLlYCMvc6vy6TGkQomq,Punk
TRDVPJE128F425398A,2kK09groTWGnbbLsxcSGI9,Punk
TRRHAQD128F92F14A3,1rrxUSe18f0sN1LJf8aDCs,Punk
TRGPENP128F9344A4C,284f90dJWHwTe3f8tu5msk,Punk
TRVLZVN128F1492942,3QvShfzxAtsZ7QTXiEguCI,Punk
TRMCXJP128F428B113,5yMWUFd05qqRppSTnhUzzA,Punk
TRFTFQV128F4233F76,09ofOxgriApRsZk5Q4AWyx,Punk
TREVGQV128F92F39D6,0146oZaXE8u8KkUgFe5PaK,Punk
TRBLEOA128F424D7C7,0CwsotoJBiyM0TN0SHATWH,Punk
TRXCXJF12903CCA32B,1AQtyThxxfu26amwIhRxbV,Punk
TRULVPM128F429B2D6,0wkQFNWYdHiAUdVYvT2E9n,Punk
TROOXPD12903CF297A,7vA8SpCsYgPJPhwA6c66wL,Punk
TRGACOW12903CEC216,20Ov76saEb76fFgILYqYwV,Punk
TRPCPCW128F4269098,0E26LBCuwJKKzt9dZdF0g0,Punk
TRFKNXH12903CFD00D,2MLaCwidZQBmSnbZ7eVjnp,Punk
TRFORON128F9343566,43VWB4TOhab9KpnjSErJZs,Punk
TRJQLUB128F428A608,06OOaFJBinEO5AZSqYPhVj,Punk
TRHZOXJ12903CA71C6,08i9oFejJHqANJjbZqXEII,Punk
TRJRMVM128F4259C12,33vLXrE3xkaW99rJKoaVNq,Punk
TRLAEHY128F4262611,1g6VvyX6NdSklF2ggIH466,Punk
TRYKIQJ128F42625A9,0gjByXuws7OkRMvIkmSoVs,Punk
TRZNEUA128F4293F7D,0QG7WpoNn0oRnYKKm9VFVg,Punk
TRXEYKZ128F145C3EF,0gAO9Ch6cow1urKull89pF,Punk
TRGOSDR128F4233A8A,0YnqT6B89ZgOwbSz8SKX0G,Punk
TRRVIMJ128F9334B0D,0eqS1HYVyatGw7ZOeqs5Ja,Punk
TRCSPPG128F42558C4,25bvR9RvW7PpopBAATl4U3,Punk
TRLQKSR128F92F1B1D,6w4GRpT6khBMrCdcFPHeIk,Punk
TRQRGCS128F4293F6C,0K8NOGJge7OROWfB6PGwAy,Punk
TRUHJNH128F92DE9EE,1LeiH7owz72p4yd8Vz9hW1,Punk
TRJQYTW128F429871A,2PnQwNP5V4FYA04vR57Juk,Punk
TRZQWLN128F426235E,2ahs18HewGgTJUlbcTdGKm,Punk
TRCPZCS128F428BDDD,00LzNrdWqSFD0LpR6b0EvP,Punk
TRLPBWP128F930416D,2fXOkmxAp31b97Wc11Shpn,Punk
TROHNHN128F92E7CF2,18bF9S3BlFzeZ33IqiRpte,Punk
TREUXPJ128F4295E53,43cm3MDzmnou3HV2rd6D1x,Punk
TRFOAZN128F4219E48,00hO26UwCgpDmViG6crrnm,Punk
TRZMHYD128F428651A,2CozZbleB5FTmI2FwBlqkm,Punk
TRRUYMI128F42A36A2,11k2GjBvxtWPJ64ke4dyh7,Punk
TROHHIQ128F428C410,0qHThw8SmwyD77jVzpID2V,Punk
TRUBYUR128F42621E2,0muWPRDROoyh54E8JKR4GK,Punk
TRCRYMI128F92E7D37,2HQau27dWQuagjJkLX6fEu,Punk
TRORNXW12903D00F40,4OBM2rZSQZas2DfBeWkIla,Punk
TRFPARS128F42623C1,1aAfsMYch96GHpjjXXy2jQ,Punk
TRHWDCX128F42AC2F5,2kTFSkDlGLE48WTHJ9BJ3o,Punk
TRXJUEG128F42AC306,62f7OynIECvIyrue1E5b8C,Punk
TRDAPBI128F42AC2F4,2hvR3XzdUoSnoREtyTVnQx,Punk
TRJKMWH128F428A58D,3U2EzzBVzLqNY5kLH3qc6c,Punk
TROOSTO128F428B6F2,15Ahqb9mj1CRvnvc6NhLiL,Punk
TRINHOG128F42626A9,1ec3LR71wMW1SDCckHQ6gk,Punk
TRTTMDJ128F42AC2F3,4J4EEk6I0JSfg2b3y1gYwc,Punk
TRLBMPY128F92D2B06,05ArT6QpsZ6eypvBU2PCph,Punk
TRALOAO128F423E218,01QXo2Tw3D4c48a2K1Ucyr,Punk
TRFRIQN128F429F5A4,0fR81COuOMPUHKJwCF9Hxk,Punk
TRNWLEN128F42626F9,2FWLDHqrxIt0ODw112ODg1,Punk
TRHXNCC12903CB64E8,0BsPLpjwZkUATVM6Sm2dSw,Punk
TRCVRAY128F42701D9,45EhcKTKOaUFAclLebJo0l,Punk
TRRSOIC128F9343B94,1wafz3giFQxtPIYTmnHbZk,Punk
TRNWRGX128F42622DF,3SOC80BjBQAFKfxuMneXzw,Punk
TRNSMEH128F428B6CD,2Dc5eGTFOvu34x6ONYAdGt,Punk
TRKWQHE128F92F93D6,0rjtl5JE4xE4ESaE7dPNzR,Punk
TRSSQLV128F42783C8,0DoiLC4BtXjzFAnUmwZK2N,Punk
TRSIXMK128F428B838,3HO3nXKWRhvkibVvsONrle,Punk
TRRQJCA128F9303261,1UmZ6Nv45iCVodTso5dxqk,Punk
TRJDIBF128F4234F51,0ApEwTQgjje9RseKboBULb,Punk
TREZTKO128F4233F02,1NVjbk3Q06lEvAPUlTauzr,Punk
TRXSDHD128F1467ED2,0RlC8gQmtupGoklgc97LVa,Punk
TRARMHA128F92E7D32,1lpQGVYtbGHCGlFbwKI7yE,Punk
TRHXTGC128F428B6D7,0WT3V5KJpFqK4kpfqekioZ,Punk
TRLLNNO128F92F3782,4jpYBxEFpa1Rdw1yAXVSAZ,Punk
TRUMOST128F1492938,6pIKRWJSue3E7bHElCrVU8,Punk
TRPAZLR128F426245A,2ByFKCZ1e8jpZZcH5YyZLa,Punk
TRJHCLA128F424F0CE,0Hl2Vuhhhh8buesoxUk1DW,Punk
TRRFZUZ128F42AC2E8,3o0Wba0UcHTO7SbcI2CMXX,Punk
TRADYFD12903CE4161,0wuLm98dMgCHF6g5SpKY71,Punk
TRRHAMT128F4293BD8,1Bk54MK5ZSQQIkp2bhRjKp,Punk
TRHFPFG128F425E082,0i9X1t8nwt92FjOlaUsaBF,Punk
TRHTSDD128F92E7CEE,2Fbk0p3AhZwRv9DwMifFBm,Punk
TRYIDHL128F4256759,2bzuHJqhzrM6vIi3zwJBeU,Punk
TRNQLJQ128F4293F70,1HGO24A17mBjYSsZGx2UfX,Punk
TRYSGKP128E0783A4D,78cqkCLeXLHVmIfhDUcg5e,Punk
TRILASO128F4286456,2GhSbuIKbpS3XJ7wnWgz1B,Punk
TRWRCTM128F92F1D2E,1oHNgH9bnGptSbYHyz3KBK,Punk
TRIXLTW128F9345CA0,0BPM6QOeGipO4S29hbsFIG,Punk
TRRWTEE128F933771E,0eAiAQRIvnQef6pUS5sgmu,Punk
TRJTIRD128F42626F8,3hulvQSUbUf4nRF9B0RWTM,Punk
TRMJUWQ128F4233CC2,1DNfXuvFas5z1Fjs4JJAw2,Punk
TREUVQI128F931BD8A,1TMHyjPhzVUL1hJZxBzPQk,Punk
TRFTNKU128F4288DD2,0LGUuFQcx3mfRN9NG5pIgu,Rap
TRAMDCB128F42772E3,3KeW5HQmTldPYYM0IRyujY,Rap
TRNYPYE128F935383F,0JDp7p99FSja52T0YBLupR,Rap
TRKQHWQ128F42A4C3E,66R16yB457mxi2WQpFoRZS,Rap
TRUQAPZ128F4223160,0tJFZjJoACwhP73bXZLft6,Rap
TRXEQSK128F9319884,3QU4mSNo8kmajKBWQ4YLaC,Rap
TRPQSYN128F42A4C34,17mh5rNRmLUYMykzqZn0IB,Rap
TRWMRIR128F92E7CF0,1MvLLrKeGdqnW6Fu0ffbk0,Rap
TRMLNZN128F93167DC,0RHuhQl7vfpcBFVPR2oH7s,Rap
TRAXWLM128F1453E3B,0jRWHt3UuKdgIAVyPO6EWw,Rap
TROHHVY128F42836E3,0juVfE7xdf74GGDWFHtwg5,Rap
TRUMIGA128EF351A19,0OjzGgfS0CUEHVW0xOcfkU,Rap
TRVAHNJ128F427BBAF,1DsJw9U55zPRJRGaCg1nGf,Rap
TRCQNWN128F92EA07D,03FWbOg3kJNWHWIoPtNxZH,Rap
TRLNNTP128E07928CF,0tf55wKWnxyfTFKqE12aCn,Rap
TRFSMOA128F42887EE,11HkF6A1gNXpTkD2nngZqU,Rap
TRPLEBC128F147717D,0VcTWiaYV2zX4tj3MWpkSW,Rap
TRYQHBW128E0784785,0Mu1MYdE414HeybYSms5KK,Rap
TRSXBLY128F425BDD5,1XrZfcb7XizmVL12ujoy8f,Rap
TRKEJSX128F145481D,0fMWtRhzOoWoCo7dRHVEEa,Rap
TRFGJJP128F92D4260,2VL5qenQDqNNk8wBnm81yu,Rap
TRHBUZD128F92E08BB,572cu6JtiHbQUIK5zkJdWd,Rap
TRIDUFB128F9331638,4DmPkAO2YzzmIjr2O9Px34,Rap
TRUDMKS128F4261A65,3sTWGcvCD0u2aqTMuIE9cy,Rap
TRMIQAE12903C9E6EF,0grb18vtHbbsxcrzan5lh4,Rap
TRNQYWK128E0794C61,0kJhFN8Z5ehBm1OWrcm5RY,Rap
TRDAJLU128F4279C48,1jvguq5D51AOcxX1jiOsMa,Rap
TRBMKPH128F149158F,46UTu4LpsCc81uX0qCgW5N,Rap
TRYIBIK12903CB5059,0WBneaUrDFJVYAlCzUJjed,Rap
TRRFWDR12903CAC8A4,0LalY5RHOpPje6ElOKcaJy,Rap
TRMBIJT128F427997E,09wQdd0JQbkp9yKfRfwhjG,Rap
TRMXNSW128F42B7AFA,04Tnmr2p1lrkjaOjfNToHC,Rap
TRDDRPU12903CADD65,0i6TnC4SCYFjWO9IazonEG,Rap
TRUGMYA128F9346CD4,3BJW7GKWNJHDFDzlcjY7So,Rap
TRHHMLX12903CB503B,0GIF0mcmAUMncJZFKnoywe,Rap
TRWDFUY128E0784BD1,0WThYxnQqkhZpkUGmjnEf1,Rap
TROJJKH128F425C8D8,1gWy26Xb0oxHd3RSktPaFh,Rap
TRBQAJW128F92D7208,6a06GfUAOhTE8yhE2qXYQJ,Rap
TRILLIR128F429E5D7,06aiqCgLiZm5CXcttPz1oU,Rap
TRABCQH128F931525A,2zavoMfVVPJMikH57fd8yK,Rap
TRBQEKU128F428C1B3,07bhBpcHFrFl3j2T9zyCmc,Rap
TRCQPNW128F424E45D,0PEGMdCpjcWDPy5ebHL464,Rap
TRXINKQ128F92F44D7,1Ag24dTGd2X11OHakk2LQW,Rap
TRSUSWW128F93463BF,04ZtcRoTGcEOscbdTYgmAN,Rap
TRCQZEL128F92C9686,39B5BzcJcPMGP3JuKg7g58,Rap
TRXGVBB128F4289933,1m8AuDg5hkr9KT2n0IIgBV,Rap
TRCOETJ128F14530AA,3NIxiBEtnl1tXCUhM2Zxt8,Rap
TRZZUTD12903CADD68,2EHEQx2avP1fNBLJf5UGYy,Rap
TRAFQFM128E078EC97,0swwbmnXfzeg2hbVI3cov9,Rap
TRIMQVQ12903CD6E79,04j5eT0GvkUUAkeL73cH44,Rap
TRRLJFH128F92FCDDA,012l2BANUkQGaS6u95640I,Rap
TRUIBQN12903CC1B92,0N39MpVtDi3Or5uHFge90P,Rap
TRVXUCH128F4262700,3HCfLj84q3qXdArLlA1dV5,Rap
TRXCMYF128E079216A,1X6H9X787IA9P4JLDkoL3p,Rap
TRXUIUO128F4277F8E,1AUpFJKo4ZYzHngFU0xZB0,Rap
TROXLAJ128F426496D,0Ub5UwlCSSNTFxiIQVuXyT,Rap
TRLOUND128F4291D95,1962ZwEY7WNQLcmYFn3eR9,Rap
TRZHXUZ128F4281338,2FPVGorZyLFuGkPlL2bSKT,Rap
TRSQWMI128F932FC8A,17IvJQFH0gLEHisyCRClo2,Rap
TRAOIAH128F92F707B,0epZHT6UAeiHJnk4VkTSRS,Rap
TRAGBNI128F425E741,0IlM7NOK43Mx94NLWsCG18,Rap
TRJBBKH128E0784648,09RtW6BK033KbAGPRmM57W,Rap
TRJKJLX128F935385D,1adYrk0IAN8JphJLmyZHXR,Rap
TRLHUEQ128F933D15D,0tMZsGpvn9QhEhnrVX1oAg,Rap
TRPNIRE128F932F8DD,097VNcWKWOn219iQEL9tjv,Rap
TRJURKY128F426A85C,01Zgtq7fhxX6jEywd2WYrh,Rap
TRBIBKA128F42947BF,3OBqAD774YBSgeG7nB1hZJ,Rap
TRXODGE128F92F44DD,5uyMjqgNH0MPSVDqR7pG8W,Rap
TRBTIZD128F92F278C,0wjg8tYWZUUzRtFgPuDtzz,Rap
TRFRRXC12903CEA4E8,1uUnAtPzMEHpkeodSVMcmL,Rap
TRPCTNN128E07899A6,0jGGGhrhGIYmdh96tquXZU,Rap
TRNMGWH128F4250694,0AeTz3FTxR08dgRCoDeDDP,Rap
TRFSTTB128F92F4A7C,07h7fJI1G34usvUIzjwpOr,Rap
TRJTEQH128F1455563,1AcqMGW128UctH0IURzSER,Rap
TRNCRGQ128F1474A55,00UI8cUAEXID5PqHRtUDEv,Rap
TRRSAFS128F42947BE,2r8Vb5jqS9Jf6pgM3EOrO6,Rap
TRUEGMJ128F148D40C,0AhLwx5iiOe8ZcqdKYg3ey,Rap
TRVDSAM12903CB6340,21RRTXlD8c15RjUE225URp,Rap
TRKFLWR128F427FB56,0j97izICwZhiqclsnrfMyZ,Rap
TRGNAFN128F4288918,00zDYbY2Dv8shM7ZYc01KB,Rap
TRAWXYD128F4255FBD,36fc7ffgOJZmEAavDEmbwu,Rap
TRDRCMY128F145BC3A,7h57al3ipDed8Ahtf7sBym,Rap
TRJSNHV128F4255FB6,0Ixc0QgjggfWGxoC8y9uio,Rap
TRAWIMJ12903D110FA,2KO3twZakne1zUx05hD79M,Rap
TRDZTKB128F42882CE,07VQlRoaqWDJ9ySZhHw0Ec,Rap
TRVINLR128F1469B4E,5Jyrf1p5TOUZuuCMbYjQkQ,Rap
TRDQQZA128F42947C0,08C6gTNIehnKg89TENBd2F,Rap
TRCMYEG128F932F20D,0JuHlXIldOZGfQGgHSoCh9,Rap
TROXHOI128F42A5B8D,78YEh2tn83Ipb86uhWILjL,Rap
TRYCXRG128F4214A0C,2ei46RAWUv1GfNt0VQfnYq,Rap
TRJAMOR128F9319A5C,00L95MiBcAJ52hLHMcaxU4,Rap
TRLPNTL128F92F6E8A,15CpK5kCPPC7XY6PcsyDKe,Rap
TRWPNYO128F428BE8E,0CLslpom5RLEXtwbD6dI52,Rap
TRXVHFY128F424B932,20IXSkKhU6narGlHJuVM9R,Rap
TRRDLEV128F42BC78F,3dds8q2U5kBpnhZsiCXmGc,Rap
TRAZBCS128F426A54B,0J3lgG2YVohHEKqWIv923S,Rap
TRXHDTY128F423B588,0BndnP5aV0cRGSMFXAd22x,Rap
TRJHBBS128F92C456D,2ymqh2BgODugzmG8xJH4Or,Rap
TRYGQDB12903CA8990,2jQpokWPB32wRwJPilxwca,Rap
TRGUGQQ128F92F5E4A,0E2ZWZw33CcNVfYqlC0ZxY,Rap
TRINKEO12903D008C6,28WZFwswzOcCaGbu3qVOps,Reggae
TRULIIL128F932000E,0QwVBL7Od2MQlk1pU1NVOr,Reggae
TRIGCOP128F1453922,259W5RNYl9wStexPcQ8Bjr,Reggae
TRMCRNC128F424BEFB,1HVM6Zkb9oi98T40XVafX6,Reggae
TRNMCVP128F93365DC,6r47mFUvGeT3M5zQ3s6WPM,Reggae
TRNFTRB128F9305C76,0MIlDpIN7ZvXRICAGCDhxr,Reggae
TRUINRN128F4259C58,06Jet48or0xKzJEJB5kU6d,Reggae
TRXCXFH128F4219FCC,33FnH9daASqZSaQ3QULcB2,Reggae
TRJODFS128F424A792,0fndyZqsLX98SiIw6Jo0wV,Reggae
TRFJIRG128F429F782,1bbu7xU5xZHoVYB1OtZZj0,Reggae
TRZAOLL128F424A78F,1PLwtg3BVlZoNxkC8iEYDr,Reggae
TRACDUX128F429B303,1GJD00f74tP4qkShkc8qgX,Reggae
TRNGVDX128F425F0B4,4Nmy3fXPHSMuZ1EoxpmY0M,Reggae
TRGHZRV128F932C07A,3suvouOHcSu7H0KrDGlNSt,Reggae
TRWPMAI128F92EC191,0khOEyxTZuiiCnxMM2NawA,Reggae
TRMDLXF128F428B757,0LIjbxBpG2GhoXmixZhqof,Reggae
TRZVMKK128F92F1458,2XKbiyzY3JB0RZw87sHTZ3,Reggae
TRBALOJ128F93515B2,0sihCt03VI5sNIsos4LeSB,Reggae
TRUEHZC128F42454D6,2FZ5Ez6uXdEfFGCuAXmAlG,Reggae
TRJBLEO128F93231FB,2ajDO2C9UGwKJrU2uIWoLE,Reggae
TROSGIT128F4285C53,0f3boCBdoaHfnljvivip6s,Reggae
TRDVFKE128F425B261,3PE2uYZ34mDlBsvpzwp1qd,Reggae
TRDEAPR128F4219FA0,1RcWOMDc6A0Bx2txMQKJLU,Reggae
TRSORNO128F4295766,4gjl7CQmEr7vnOuuIr9ivj,Reggae
TRPTYYL128F429F8DD,06ovvkcCgsTZVSfCxNi223,Reggae
TRMQPSV128F421A079,20mSUVULJbTGRq8Gqo5VmU,Reggae
TREOAHW128F42B0721,1LfvVSiM2zS6MTX958aFHc,Reggae
TRKEXLH128F424D13D,14unCGJo39WfVX4FsUBF0p,Reggae
TRUTVNI12903CA70F4,16qWLPR4xgom48LE6f3Njh,Reggae
TRVSUJS128F4271493,5WfNQyJeVloIyz0Sadjely,Reggae
TRBKHZV128F14B13A1,1na03rju3YcixA22IO3B2W,Reggae
TRODKDS128F4272987,07hx0bnbrqY4Jx9gC90z7o,Reggae
TRLDXDN128E0798B8D,1VzPZ6YwgZYHKmiGgkGvCC,Reggae
TRDTODK128F1458778,2KDAloKZHem2jgKtowV7Wz,Reggae
TRMMBOJ128F429DAF3,1I1S2CWCS81N6HTPZZyqW5,Reggae
TRZMEZM128F4257453,13JKdBbHchojGi3PM9V4H4,Reggae
TRDFPUV128EF35F02D,1cxiyi5CTtvIeoBg3fih5W,Reggae
TRMDKWH128F42513A6,3MjTHbILTizx20UsUHnOWc,Reggae
TRCUSSA128F14584E4,5QA4kKWIraFlucPlgRY4ha,Reggae
TRNYFCZ12903CE4F86,03pJ3d6ILukarGINt7URs6,Reggae
TRMJFDC128F9326B6B,0EmWCK09ED4EZsLs9GW0io,Reggae
TRIPUDU128F9336C0F,1vQicaF9C8ZE4HlR7ppYVJ,Reggae
TRRGPMB128E0781CF1,0b79uw3Yg3uPVuKrbvvQJ1,Reggae
TRFOWGZ128F4240D60,1IFfkl86nV3uTOHVkqfcI8,Reggae
TRGKHPN128F934D121,0cDbVbHEUM419vxXxigLtS,Reggae
TRITBDD128F930198F,02RBSrEvEXbOlO5Nv8U0Lp,Reggae
TRYFVED128F92F9DCF,0ValXj6Lh9hLR4Oj9IkZZD,Reggae
TRFORGS128E078F941,0fWbHRM7jRXdOOjlVssyVt,Reggae
TRNXUST12903CB5A56,1z050MAy1P5SiBSHDS6yMV,Reggae
TRZJSDP128F4239F00,20TUsPRKOyEHVuvGSxzMjp,Reggae
TRWMWTX12903CD882A,19XzxejGofr2mdj7fPCWsE,Reggae
TRIUKWV128F4251471,02zmNqJlwJgkS57BkrOzl1,Reggae
TRXJXIX128F427C264,1GNc7hEr1ktdYzYegVXOPK,Reggae
TRORPHO128F93177FF,2pttpH1eJE7APnONa86LTH,Reggae
TRRHAAU12903D0FB9E,025PRuxWuDE2v5G9LWVt3B,Reggae
TRHAROJ128F9326578,34SiUiUejjKRV61dicrZTt,Reggae
TRTUEHJ128F42934A5,4ob3L3xeuszqG0C5AQwvq0,Reggae
TRYVNSD128F42AE29B,3KQFzvq19Lr4lNv4O9KZNH,Reggae
TRAIZQI128F42A51F9,2MuvlbbgLUrLTwxvaxQEyX,Reggae
TRILUXF12903CB7CC1,05NWg6IAC4o6uIu1Uan4B6,Reggae
TRUSVYF128E07953E0,1CAIyPkv4nfQoJfbdzga1n,Reggae
TRIMYQH128F9331FAA,0abIVmYR5MW6vr497Z0iaX,Reggae
TRLIBRT128F932B138,2bP4qlEhn2jkR8walKhcWa,Reggae
TRLSUZY128F428821C,73lRtIFVTBNPqCJBL73hwo,Reggae
TROZJBF128E07940AA,0dfREDdehRMe6c8kuJwbTf,Reggae
TRJULQR128F92EE2B2,1v9NEgIhXJevQw8qe4e9aF,Reggae
TRQYKGQ128F42325EE,0m5OnPV3CnvtTRG9PsfLtR,Reggae
TRPDAXQ128E078F16C,05pKNQGaN3xA8jbyibUrlZ,Reggae
TRCIJYW128F424AAAD,2TsuVlwyTIRTHtksLBnIje,Reggae
TRRKUQV128F931513B,1i2AmWQ4Qw0omlZrSpgiBZ,Reggae
TRUNNCA128F42590F0,1O27sH9GhfA6WstJoxl4Bd,Reggae
TREETLW12903CE6423,07idpqOfdkeS0sC3O7WmCH,Reggae
TRJQEVJ128F9348106,59CJlsVvC3swlFYXmkG74A,Reggae
TRDMPAI128F4266582,0mq3j5WNSHvJgbPHOzt3Mr,Reggae
TRIBEIC128E0799398,0ev6B4kKJnv7cfWpiCi04B,Reggae
TRMKOST128E079939B,10tGhqM8hW4ITRd8sLCjv4,Reggae
TRTTAJU128F933656E,0OaHfNf5sYFbGChLQrn7dn,Reggae
TRSKYBH128F42590F8,1N1Uwh729EojbkDKszLCTZ,Reggae
TREDOWW128F148BD1D,0h7kjEkicjDx4rc9X33OVP,Reggae
TRNCZRR128F92DE764,0EKV1DjXLl9rpTCns8Kgsc,Reggae
TRUSKQI12903CA4868,0319szB8GkRiIoUicj0p4h,Reggae
TRFRHSZ128F42705AD,04XGOedWUQChxGN93aZie3,Reggae
TRAJBFI12903CC1400,1ltN3b990920I7lTOl60zX,Reggae
TRYNOOA128F426F919,01jgqh5toR0Ij1D3I9Pv7v,Reggae
TRJNQXF128F425F0A1,2xt0Ox3wlroEfT87sUHGVI,Reggae
TRCPWNP128F93367BC,1dIiP2rZgPZSFl2suwc5rV,Reggae
TRACQIL128F931B8AD,1GV9Y26nudM1EsaSDxYxoV,Reggae
TRFQNZO128F149B9D4,4VLto3e33rjDLbrGjmSyxz,Reggae
TRLKJQF12903CC5BF8,0Gg0PMVFRktkvt6UyqulcD,Reggae
TRIXHLZ128F425B25C,06jXuY4qLtE0WfeizQoNoO,Reggae
TRNADCV128F92CB60B,07rHfCisc5nMXnV5tLWXeA,Reggae
TRUTRFM128F9327EE2,0sGk27cLObN6xc0NjEzvv2,Reggae
TRXHVHB128EF35905E,1qkp9OvCk8FjeDdEd2bKQ6,Reggae
TRACMMS128F930696B,0f9zlCe9Bhp7GfThI9o24S,Reggae
TRIZMMD128F423DB62,0DRZhpxiRYgr9jhnm8NpJz,Reggae
TRCDNWU128F428E4AE,0fP045DOxx2aW3JKIiBeDv,Reggae
TRLYZMV12903CB7B8A,0Sb715JLOwkNfLj50Wn6VY,Reggae
TROLARL128F428EE18,1VL7EjBCJByEZeBVXJnUg6,Reggae
TRXBUEG128F4224E34,0gRLa5AKCFSh9a5C9Phoqh,Reggae
TRXERLA12903CE9F3E,0yh9gIw7wTbjvWjqwSzjb3,Reggae
TRXSNPU128F9321040,029fg46QYPnfcY6MiG34T7,RnB
TRONHPC128F42884E1,22InPzXtMyorB2t9kz4drK,RnB
TRUUKTP128EF34C1F7,04UCahcsYyYlOlDbrdVZqA,RnB
TRUKHTE128F428CD8B,08VG8zyAqHUKJbzaBYtYHs,RnB
TRJGNIP128F92F2669,00PqkqdXkJayilwde1G0RH,RnB
TRSJSRS128F42A0E8A,05PuKhbDiWOAt6JbKxo2xB,RnB
TRLUAQR128F4288259,5NxzQznfKs9fJdoP8CbgAR,RnB
TRMMXPR128F4272AB0,32xrxnxcta3aSZRQf4G7mI,RnB
TRETYEB128F4283EA6,1ovBPGwtbYslhrTUKc9kOr,RnB
TRCTLQK128F9355F31,1zsMrBKqhwcyBxVSz2upMq,RnB
TRQSJMX128F931C7AC,2B3TyubiuLg17v6wQLbYNS,RnB
TRFONZQ12903CCA651,00DMJKUFmvnbTcbkfmksHP,RnB
TRTZBEY128F148C681,0GoGOTgfNAUxS57cKrLE8x,RnB
TRNTQZY128F426999A,00izwpK81qD7CjCnV0Q16Q,RnB
TRXQWJP128F9307D1F,09zPw0A8r8h4rT3j1N4m3L,RnB
TRIQFKE12903CA6933,1QxmSU7CCi45ScN7j1U2pv,RnB
TRCLYHT128F1495698,00P1T28MyzQJbj3tn9tTUp,RnB
TRDAYZT128F4284EEB,2OGruWToo29LsCi19BYv8G,RnB
TRAKWXS128F92CF385,08fS19tMFcHBp38wM3hAwW,RnB
TRWTPYD12903D03AE9,10kh9WpO4XlJWhJKfW4I7t,RnB
TRCLVPW128F92F1ED1,22pUEszuRynbHATLDFuDfJ,RnB
TRFNDOB128F92F1371,07RyDrHte63V0mMgKncPZX,RnB
TRFMYXF128F9331B33,2Qv9GqZU9ZMFLyQcolikMo,RnB
TRXSANW128F92E4B6F,1JHmIyUJ7fbPlJOJqHzojj,RnB
TRPKZEI128F4283CA5,351OdqdknWyybwATw894ft,RnB
TRUEWAR128F92FAD40,1k6u3i3MK36HfzudnlCr5T,RnB
TRUYARY128F92D13EA,07jX856Y2rrYZPQD2riHNl,RnB
TRDPHWI128C7196B14,05U8By69ltxgpyYlCOPKqJ,RnB
TROLWXE128F421C736,0EefmOkBitnIdmtoa5bUwu,RnB
TRDNCLL12903CF8A50,2EfFuE13VHmsiMbItqFvuz,RnB
TRSYWQQ12903D07051,379ZTBDhoClT7SVNjbDet2,RnB
TRUHGAC128F1492AC4,0VkDedVtP7TQDlaCMq9QVx,RnB
TRYHEXP12903CC6D90,0jLe9S1pH3cxeGPnbq7kCk,RnB
TRKBBNU128F42761AA,19noEjq7sE2LFKxg9zXjZH,RnB
TRLKKHA128F92F38F1,128vB8Ow71KEquIiUv1JMZ,RnB
TRYLAPI128F427CB23,0S1aESjgLzxE1Qwp2bPTtK,RnB
TRFUUEB128F4264F8D,21xVx0n3qonzK2PXah9M1S,RnB
TRMUSIV128EF342DB1,0HEBSjy6fv79okjy5hQjV7,RnB
TRPDBAB128F4263859,0fOWbxwbD125UMLwgiDiTR,RnB
TRYVMAH12903D05084,0kDITdjL3YIZNRdnhjeCRr,RnB
TRNTGCI128F145E95C,00euhAkrC750vaDsvMWOx1,RnB
TRGLPNC128F9307761,0aTn2PZs3gyMq72kR0O5aC,RnB
TRXQSGI12903C9DBAC,00BumRbUv7GdeMz7f96HJW,RnB
TRZDCAF128F932219F,3JNI3CWuxUj6Qaw8UivVZb,RnB
TRFHCMB128F14A43C5,0AF9aZkKkfsAdb6G7ss84B,RnB
TREMJCL128F1484AB4,5GWCndQ8ykzf6rYRvwrFcj,RnB
TRATWBP128F42BCA13,0BawtQOz9uB4PoohPAk14v,RnB
TRZAXHT128F146991C,1Gav42Y5dPgLeVtCes6twQ,RnB
TRIQRUV128F930FDDE,0hJStAF11OUXlRlhJWitUo,RnB
TRGANEM128F42884DE,0Ui0IsuOij8cZkOUiD0tC1,RnB
TRCEYJI128F426AC6C,00qmS6FlttMtZd82Cdgy5g,RnB
TRIMYXW128F425A099,0EQKgaAsNhygj6DAzzPP1Z,RnB
TRFOZLC128F93147E4,0uQSHrFDVtbQyxNFCwm1EC,RnB
TRBHVEV128F425C018,1dywsQz7KmLT5fV84mE5nG,RnB
TRLSMMN128F145D223,0BmZwjsHSww2sTHi9TjGhF,RnB
TRINQRE128F42BBAA2,09g8lRXLimnCtSnjw340R7,RnB
TRFNFTO128F4279C63,0oG8R9w1KQnMEwEAqeVsvg,RnB
TRACTQD128F14B0F9D,0ryV1d9M2408wuVT6gxYwM,RnB
TRGVDAW128F9350C0B,0l72EGvu2bWDmqFS0ASWzs,RnB
TRCSFCF128F4264A0F,01frAV8qifwPOyYia7m55q,RnB
TRQJLCO128F42BCC0A,00d4LaLc5pWPeQRJF4kPDj,RnB
TRHFUDE12903CC55ED,5c78KDEM5G2jXSzPbJ2poU,RnB
TRVUHZI128F42A0DEF,0QKrdWfK2P6u4wUpkEAbyq,RnB
TRFPXSG128F93175FF,00Q7sDUdF3r3zRZaofMhqw,RnB
TRFWIGJ128F14A8A7D,2q9O9YQwTtnP270qDvHTkW,RnB
TRCTEZK128F9309B15,1tUsIYu0oOVYNvrHWTaHfi,RnB
TRLUBVF128F4272551,07GgC9ibmuZmHt4OinuBcS,RnB
TRODEHM128F92D5074,02K4zhzFCTjim6qjFr6M74,RnB
TRAFNQO12903CBB254,00onJIqBzQowrgQLX7f6NT,RnB
TRXKGDQ128E078F653,1jy7GQO4gdFDToCzTfje8w,RnB
TRLMWDQ128F4285CED,1HmA8GlCB4oXADKkSeW51r,RnB
TRMNYMV128F4279D93,04MNyOQZDvLsW2gjAm9q2L,RnB
TRCVCTZ128F425B552,3FQ26GroLnhQEja48FKYqT,RnB
TRCQPFP128F92E7658,0OwOCl6DVBfbmhSwqPtqWh,RnB
TRCZENZ128F93148CE,0zjVz4Wcsb2MYVl6ijyTc8,RnB
TRCHOAT128F4298AB6,1TgkeEMevixQWlU4eP4SoG,RnB
TROSHDP128F92D0E95,3XM2vwQ3UEBBKiheaurbo4,RnB
TRAVORG128F9302C75,01oLnA5lYzSR52MM2dN0fG,RnB
TRUQYFH128F1460C68,19Wglow8XezaTUBmLJY3Xh,RnB
TRYODLU128F92D3C70,0RrAz0queeiNKje9AzoCPX,RnB
TRILGHP12903CCFFE7,21zwRPDkdL9ittKjJwWSRC,RnB
TREBWYU12903CCDAA8,07x8d7y3P6ftC1xnGapEXi,RnB
TRLMYOC128E0791629,00s8BJKpmRssdafY6zTxhZ,RnB
TRCFPZK128F42AEF18,6vtLtrPHZAo5OUy1Sk9BTH,RnB
TRVHNDP128F4223058,1it4H1DWwzacpa6lxedYs0,RnB
TRAAEJQ128F92C484E,12KKmKesSEtTALPSkaFsW5,RnB
TRUIWBK128F92F3AF2,0zgHT7qHWNUktJxVzzaQve,RnB
TRYQQCC128E0795210,0EXTPF4A0Vyrp91DhsHLBZ,RnB
TRSGZZB128F932DCCD,0XUfeDoGcrHHfO2CDT8BI6,RnB
TRZHBTI128F424C2E8,1HCrzK0GjSnIaPJs2KKsMQ,RnB
TRYATEV128F427B1A4,03WiqLV7z6ES80YgQwLJM3,RnB
TRXEFJU128F4269AB5,2og2NTWCg483LGsY6WjvQB,RnB
TRYUFEK128F42349E7,03dLuxC7v7Oue1hIX0r4Za,RnB
TRLOHWT128F42598CF,0oneCGouDqYCFwUgqV6EVZ,RnB
TRZGZDR12903CCFB61,0UOCA4A5kiCiyHlRD8qYvn,RnB
TRANLAK128F429F8D0,1oCfsPLNF2aGFHg7TT2KV4,RnB
TRFOBLN128E0785ED9,2bPGTMB5sFfFYQ2YvSmup0,RnB
TREFMGX128F4259AFB,0NnRtPNN5DqprWXEQcKJVQ,RnB
TRAMMYK128E07936F9,00pGV4EInVd77cnOIwPTCv,RnB
TRFPXFQ128F93026F7,12Ty8TzQHyCi6RCeKSdenS,RnB
TRMEWET128F934364E,1EUcOtkzimTnp58OQ1KbpD,Rock
TRCTYNZ128F426A9CB,2sV6e0dKolT5CBG38u2feB,Rock
TRABNEX128F92C9DEA,01pxvC4QWx4mwArpt4cYYL,Rock
TRPCUON12903CCC98B,1kiNvLalEPD4w8V6WUl6sC,Rock
TRYAEUK128F425DEF7,0kmnnk3chw9y2vRFAuk12A,Rock
TROKNJC128F42918B0,254OnccqjaCGswGNEvw1gT,Rock
TRATHTH128F42BC347,01BmduYsgEwoqkFpDo8tao,Rock
TRWKKMZ128F1492D5B,06BpuMuUMCXkF8pTarmtzU,Rock
TRXFTLM128F423092D,0b3e19laPXuaikzGWGJGV8,Rock
TRPQNMQ128F14AADAE,1Jh2LHQ6DPUJttz4VlUPI7,Rock
TRRIHBF128F428192D,1VmKmRUxKSyNMF2x3ndgst,Rock
TRLLVHK128F14676AE,0DxN6Ywom8nnndyQXdSBPy,Rock
TRDYTON12903CC8294,5XNYPqs8jiJyzM4xy6O7dH,Rock
TREMVBZ12903CE380E,0tAu4mUSm9xCno0kT3rvXl,Rock
TRINXBN128F4277EAF,1FUC4QBNH4ngf20liRLtVP,Rock
TRACFOJ128F4253EFA,5VbWuWX0XUJu3ZC2BjG5JC,Rock
TREOOAM128E0788902,4MsnKlYARdBEQ8OcY40VFt,Rock
TRCMTOK128F92DEF8E,0HIDWGhJPSUZ2JxAKkDw9V,Rock
TRAIARU128F148F75B,0YupjbAhiOpIqNcjxpXhc6,Rock
TRWVCST128EF356B3D,2OcJNw7K8cYs4FKoh8aEow,Rock
TRLQLSO128F429E74E,0lGsQchI9TktkTQIUZmNXu,Rock
TRCQRSY12903CD7364,3Kj2EWpIBnvETsYq4cq0IH,Rock
TROCRXD128F424F095,13PcSk2ZyfhwASnPDoe2FF,Rock
TREFYBN128F933F178,6TojeXForo36jBu4BZYwZ2,Rock
TRDASCX128F422F079,2ynru6AE1AXIW8euFhEMat,Rock
TROILSM128F930F6DB,028Xmx9xjce4aFFdioANaS,Rock
TRAYGAG128F9329373,7p4vHnYXkxlzvfePJVpcTr,Rock
TRXBWKC128F4234D1D,0AnWZlQFR5BVWzh8PE9ERb,Rock
TRZSPHL128F4259A32,05E80FnjZLhLM1HcwZiWnI,Rock
TRGRNZL128F1497984,09JRdZ11NAsmL4ppAXWddf,Rock
TRBKZPY128F428954A,1IBlU8Xt76xFUWzw4pSGr5,Rock
TRCYIAQ128F42B12C0,05gejFwEeqLRgeqoEqKQp7,Rock
TRNNQLZ128F426E6AA,0h5NL6hDK0yuk2ArB4COyr,Rock
TRHKXJQ128E0792182,21jQvxAvoptOwdUeGJxFQa,Rock
TRABDEP128F428B3E3,03oJNzdUM6KKOZNkz2jPTw,Rock
TRXCAFQ128F423ECD6,0acjUOHHDBra3SGgsHmjOT,Rock
TRBYZBC128F427F1A0,0Nvdq0MfeOvVuO7rV8S3Q2,Rock
TRPSVTL128F936017F,00C4IJWpY3k2cmo7dHuSs1,Rock
TRQZHPV12903CA8864,05msmON2mB8w5mKNaOCUU4,Rock
TRCFLPF128E078115B,1HvWIlTHmn6CmYOO9UCCRM,Rock
TRBXCOJ128E07820C1,2ns4itJdB1ioKArT9BUDCe,Rock
TRATOXR128E0781E36,4DTXxgwWv384nwC76aXgVB,Rock
TRQRGEA128F4265AE3,2ZwlcSSGwuNL7exqGGvcKe,Rock
TRIWJQX12903CD759A,0aD1FTPV5giP98qRoktnPA,Rock
TRRAEJH128E0781B75,4FiLbwboDT9mTAxwQ9Gk7J,Rock
TRAEEVD12903CC4D29,6wSZwWJS1jcgy3t6JvszP8,Rock
TRCAFJO128F93589A7,2JlVjD5ndoT8dagHKZIqOK,Rock
TRUMEAF12903C9F452,40EVn3o2OkmyAhXoPNbtDa,Rock
TRLZPUX12903C92C01,0RnxXejltqoVbgjCDjkw9B,Rock
TRHFBOW128F4215E11,0jU75YX8F3lkKENriSpn20,Rock
TRLOIMO128F42AC94F,3ewK5ZfOAEaIUEc7utEot3,Rock
TRKLXMM128F93583D3,1JHztlpCiGbbOnGPpimaAt,Rock
TRKMCSH128F425BD48,122FgQQhApKTWDZfjy6n2s,Rock
TRFVHME128F9301D33,0dWvaXphYOIMg6UatQmAZ2,Rock
TRCSSRY12903CA424B,19QT1L9qUNKHYNbYqawaX8,Rock
TRMKMDV128F146B23C,0c5HCDUNbqTBgKc6z85Pjb,Rock
TRNGZYL128F145E9C2,0FoUJ59xX4paOKxVz5XWAX,Rock
TRJEKBW128F4268C79,7epePPzrRRRX3zYjx5YCFM,Rock
TRALMCI12903CBFB46,0fCu1B7XbSXW2mEMmWBQ64,Rock
TRQHADV128F42AE3AB,6j8qxEglk4R6stfvhqNcmt,Rock
TRTAVRH128F4289F7C,1hapadSXeYnZ3NqgxOQj1I,Rock
TRXNVLK128F429DCE3,19RDDqWUkzTguMRZjf0LiN,Rock
TRXUQEJ128F92E1232,01TxlIu2vVrtYZ7IsOilXs,Rock
TRYBHMQ12903D0CD0F,2IZSG8f2uuZlr4aCP5Xb8k,Rock
TRRSUWA128F14A19A2,00OU7ufxY3VdMoR2fmHMfo,Rock
TRMVQZD128F931E7AC,35XnT7g2ZjGF5WiKKJtmQs,Rock
TRAFXEB128F92EE0AC,2KSg0d9euthtzDfYz97uX2,Rock
TRFBCGC128F1475D32,1DeVy1m7sarj9QkETIH08W,Rock
TRTEOTK128F930F4B8,3lbMyvsJvCPlZ7yRtU18nX,Rock
TRARKEF128F42634F6,1jI8N7BXWy5o2GbHYNPe5C,Rock
TRCFYZN128F146ED1E,1xBkUWsHiNmukPp6JpvvmP,Rock
TRZOHRK128F9311003,0GuyZAJyJDgP1t4VKxQW78,Rock
TRAPECP128E078F91C,0iq0ilOK2aEJZHEBMPMflw,Rock
TRTAUEE128F4298661,2AuIgHawPVh5XnHfqYjEGL,Rock
TRLJEQV128F9339D7B,3Lh4csC0XF8tXRQShl8uxO,Rock
TROHYVC128E0791822,0BfcEHpbpAvvZok7OnIHEN,Rock
TRFAYBI128F93163D3,0alkqsGIIxx3OT9aLMN1IK,Rock
TREPTIM128F4243460,1NEPaAWnC1Magz7uT2XCva,Rock
TRPYAWD128F92F9139,7rKXSYqmJEPiGVWIdz79KL,Rock
TRMBIVB128F92F8F1C,0rPhak8fbARfKI4eMzvTYD,Rock
TRVTRGD12903CF81F4,0hYiJ3iylYLOQmSA4nw2vD,Rock
TRTDNFO128F92D5BF6,0jYFYTwwwiALC7bozL01PX,Rock
TRWACIM128F148DDD9,03KDx4DjujWqcpgGabQ4mU,Rock
TRXFCYL128F4265445,0NL6Ri6MKiAdwEpYemH8fI,Rock
TRGVCRH128F14836EB,3jYxIntPES2triQLMKbaMC,Rock
TRIQZXS128F92E20EA,1smPWDR4g7eKhHcUVc31go,Rock
TRRHXWV12903CFEC84,12C6ufD5zOWsQGHQY7aXRM,Rock
TROQYMP128F9326785,5vTsng3MQmuwyLyQsbxJPL,Rock
TRCPNJC128E078167D,1Hy67h4aEbip30QfRej2Nj,Rock
TRLEPIS12903CBD612,05rmjcmtO0EG6o5Yl3OV66,Rock
TRGXLVL128F4283EBF,0EeMjSRPx6knio6PtHjGGi,Rock
TRRGWPT128F931472B,2vsfJ6AVsi8qgQBPOb6GgH,Rock
TRAUFHP128F933E28F,0hE9SA9XyEvmKWBGxOJYzA,Rock
TRBAHXC128E078F1AF,0LVO5tPwj1VZiD5u2fyoWU,Rock
TRLMDIP128F4257959,2yJ78JQTNP1jE7Vzm9LCfk,Rock
TRPRAED128F429CBD4,22QnkXp8wmJh6DmjkH2HfE,Rock
TRBNLRU128F9307FFF,0k1nnOtOgsmFyN5yVEk9am,Rock
TRJZLOA128F930369C,0sQB7vU9UQ7LrOrOvqUWGB,Rock
TRCXCUY128EF364504,4Ku0eEbcTfI5kjxSGQKYH4,Rock
TRFOKCP128F9310371,0BsLiWFPc0vDzJqgmuvQcg,Rock
TRPCMXL128F92E835E,21S2fRtbpnQmTINGzWbEMe,World
TRBRLWR12903CE2E34,0N6hf7BruKax3waiRaq6tI,World
TRLCONI128F4255EAC,0IhHcXEyEY7mDwmqzAlwRO,World
TRPSNIP128F4255EAE,1SGKIKn22S5Uu7UOeJbans,World
TRGKSSG128F9312489,00jmwjQ1FieO15MRzeqaAV,World
TRJYJBL128F9316351,0Ywn5xXr3dsWbrlJT2t49Y,World
TRZXSBW128F9351C97,07H31zw7oAxbJ2BEZK5PPX,World
TRWGEDC128F427EF4F,0esGJuTfbjssa3tMHE7BzM,World
TRKLTLE128F9337985,0kIWHGFekI4N5j2KrFqKO8,World
TRXHOZL128F92D7A20,1Wyp5OIFWMhkHWpFV0PVvp,World
TRDDNSR12903D10460,00jUyesu9EWvDnN6oeq2eY,World
TRVQGKW128F42293E9,18lCgV9b5rL4Rtt19obQ4l,World
TRYNDRC128F9316E5C,5JDWxXTPbfx9YaN9UCcW0y,World
TRQTSWL128F9307276,1vM0pPnLoqvLF7Yjd5ZpHj,World
TRWSTYN128F9331873,3FRpHYDnIU8gxCxXwMHtpg,World
TRCUTRZ128F1452776,60usyT7p4x6HJnbqzsUyEM,World
TRUMNUN128F145BB98,05PJ1VKqLe5TWjkUTiV9gS,World
TRPXFZS128F4271CCB,3LCzhgdSkW3dqTmlAdSU3b,World
TRQACQT128F9316E5E,0QrLkm6J1V99L4L0bZdUI5,World
TRKVEGW128F428B618,4r3FY8QzsXqgwbQdaCPJik,World
TRNWWMH128F9316357,05Q4VasMhIjd34yH9xKycX,World
TROPJFT128F42732DE,0G9CxuPfI8822aXVsvlDTt,World
TROJPWV128F9337986,1cy87UuxrkeyqX9l5hktEw,World
TRANQIW128F4255EB5,2nF4IIDHlJ2keVNzcxj6RY,World
TRMIQXY128F427CA14,547LNuZMGoKzxEsot8h7nk,World
TRSLUXU128F4255EB4,2xhkgVYWR0GktOwpZeYj65,World
TRQXDIJ12903CA4654,0nMMmkhyaUPhjXYtsknzJt,World
TRGOJAX128F930F88A,0gzDw8st8WlNsA1aYMMKIE,World
TRUSHBS128F426F02D,1FabCOJMHPIDUxwtTi5WOG,World
TRITCGV128F4290790,3UrEQBIaouWf4s5EAelwk3,World
TRRSGMK128F428B827,2LPqMOPp4WLKM0pPp1lz4n,World
TRJMHKF128F14692F4,3vvESqG53D7kmJaLRRif80,World
TRWJAQQ128F9316359,230oEbOnJ4G4jypJWuc2pJ,World
TRQPOLL128E0792B70,069z2PptV6FTSUWxm2y7uX,World
TRKZZIS128F426F033,01I1f8oWnU9qvOuiXJYnS9,World
TRLNFFM128F4242EB2,4LidH8Kgu792vuq5avk2aL,World
TRMVJCE128F9316349,1UA4WPQdLOx94s7OQRwU3g,World
TRHQTZZ128F14933E9,2z1TUZzLHkorelPdx2MYv3,World
TRTVIGE128F149B8FD,0JRAkHwR7UoZOV0wDtZBn2,World
TRWMDUE128F14548DC,1azvVxRoN70dmJVqMFEZ9O,World
TRKTIWS128F4271D0B,5CDB6JrN0ZCcwP0uaNPYr5,World
TRRRWRI128F149B8F9,1KTi7LPCdfZNxG6lTWkyRx,World
TRTFBZU128F1452770,0Z2IJUbBnlPpJ7HzoPxAbq,World
TRTVEZZ128F14541C3,0rUfeYYEryCZkBZw0ZtahO,World
TRDJJIG128F1452772,05DYw56IA9z8aL40WtL9Fq,World
TRXEIRM128EF346710,190iXp2Kdem8WpjfWAE5Bl,World
TRRIGDV128F9304DEA,02R7StTgKWdYiCT9szEYeE,World
TRAZGHD128F14541C4,0fgytdCxSOUs6GEgJTsXwS,World
TREGMNY128F9316353,1wJdF5ZHsakkWCnUhviFXE,World
TRSRPHR128F9316355,0bmxjZ9wys8HncVZLAFu6K,World
TRJEETC128F92D1BF9,15LeYYwakBRKozkhSlyM7a,World
TRJWBFA128F149B8FB,0IPkt0KBndKGZSAWZEK9hP,World
TRCUQUJ128F92E1AA3,44AEUzH6l35kKoZ1fgUCTT,World
TRXMQBL128F427F1DB,05Zw6947yxLybR57zvqAyh,World
TRRGCXU128F14596E6,0c8gwbAYTSVR7pSb3zv9TL,World
TRBLLEI128F932948C,0OCpJOHeNjTSp5iYfEpRqF,World
TROMGYS128F930BCDB,03MSIhmESv3CMCr7rE4KVU,World
TRIYOLX128F426AA45,30f771smPXnVXnWxfSLWO9,World
TRQQEWP128F426AA47,2t52DxvVeJqwCE5mNxkM2B,World
TRZCMQL128F1455265,1FW89w3bO1BslS0nRlckSK,World
TRPYSXL128F149B8F8,0aeMIQl2kMOMqStF3p1Ui1,World
TREXRTM128F423EDD6,6mVFmvReUBSclBzBjmtfA9,World
TRQFYWI128F92FBE63,0midcbvx9YKVU7zVm6JeGJ,World
TRGJSYO128F1465644,3seUIqMgAP1TtdMQZ8MviQ,World
TRBJARK128F1465649,0hJ0qaTO8C5dwCsyu7PDjA,World
TRYLZHF128F9304673,2yqYfQKOkYFFoEsSbbYLyO,World
TRAFYVC128F4268F8B,0srvIdClVTN4tXyWOVCtz4,World
TRHZPUX128F42BC0F0,04yEImRkk8ibJuqrfo3u2n,World
TRAVYPH128F149B902,0yjGTOqaksPO13Utt3NKnP,World
TRMLWKP128F92FC5DF,05CF4ATpqROLTQVYABNZ3W,World
TRFBPLF128F4243CF9,1KZ3YZyfeucshnCrkY1FEn,World
TRJYMBD128F427EDDB,5jOIOCAuvvjHvFQS5155ql,World
TRQLXLM128F427CA0D,4UMpyClJN1sM8CHgkKVOXD,World
TRYOFAG128F931A4E5,1Jdh65OgJP5IYgAeTJXkTG,World
TRUHJZB128F9316344,2QO287b2CIWLpTMd8OBimf,World
TRDIMBO128F1483658,04t8JdbvEBUMUeShilCEyF,World
TRZFSGD128E0792BBA,008EUzlPCFObQFeBbY2Dcr,World
TRXUFKU128F14933E7,1hAC1vrE3Hw2HVMARhleHx,World
TRWTAFB128F4243B58,0kyglITxayJRtV9FVclFUh,World
TREWDCL12903CED47B,04YxRAtrdD6b8WxMDTXdMp,World
TRLTSIK128F428113A,0RbmnesDxL1E88XUw9Y51O,World
TRSTDKJ128F92F8002,0qwAp1UY3nYCpPplJsx9D3,World
TRUCJPC128F145E31A,0wiqlSeu3f4yCrpeEvcWlz,World
TRDXENJ128F1469FF9,2FX0C2lM8TwjATZ5u2WaSN,World
TRGMNEE128F146AAD9,0XaqEKAbfLzE1fpTipXjiq,World
TRJAKGL128F92FC3B5,3SBWAHTB0bbPxlUTdJiKJR,World
TRSIALT128F9337980,0Bx3TC6dI4zsbkmDJDOU05,World
TRGTXZM128F933797F,02nuzjSuyApm3MTEQerCWv,World
TRGMDAQ128F933797D,1jncnTEAwosbxyLVe0sxnt,World
TRBFDOH128F933797E,0mRlUGERkVUZEAxij1Sfyq,World
TRWHGDL128F92DDE4F,07tmb39g4KAZcIZKcS8BeZ,World
TRANWNO128F425A572,468KjHoGuiJkS4lsb68JWd,World
TRLBTZY128E0783309,0KOalwxZ2pvHrFxlmPOcbs,World
TRACVYB128F932A9DB,00HMs2PLYVzM6kWpq0r0E5,World
TREFYAS128F92D7A12,1hAXci8inOMev6a5dLL3PG,World
TRIUVGX128F148C9F4,13p9ej7QiZSR3yoLSIxBLS,World
TRAULXY128F1452F8E,3Uf7C4YcD6Wzp6gXqmWsRn,World
TRIQOSH128F149B901,0q8IPz5YiMnuePivww3GK0,World
TRQWUAH128EF346713,0d3QbNg4OCII5uSvpucJ5N,World
TRBCSJN128F14541C2,2O14h40U7KwV4hPbsSWsE2,World
